corpus_name,docs,query,operator_type,rank_mode,backend,iterations,hits,avg_latency_ms,avg_latency_ci_low_ms,avg_latency_ci_high_ms,p50_latency_ms,p95_latency_ms,min_latency_ms,max_latency_ms,qps,qps_ci_low,qps_ci_high,alloc_bytes_per_query,allocs_per_query
wiki,50000,17th ADJ century,ADJ,bm25,mmap-shards,5,3335,17.3838,17.2146,17.5530,17.4150,17.4660,17.1600,17.5110,57.5248,56.9704,58.0901,10059448,150121
wiki,50000,18th ADJ century,ADJ,bm25,mmap-shards,5,4204,18.3804,18.2771,18.4837,18.3660,18.3710,18.3180,18.5230,54.4058,54.1017,54.7133,10555728,156610
wiki,50000,19th ADJ century,ADJ,bm25,mmap-shards,5,8375,22.5990,22.4496,22.7484,22.6460,22.6710,22.4020,22.7040,44.2497,43.9591,44.5443,12251216,185301
wiki,50000,20th ADJ century,ADJ,bm25,mmap-shards,5,10708,24.4564,24.1886,24.7242,24.4540,24.5420,24.2290,24.7700,40.8891,40.4463,41.3417,13250008,201375
wiki,50000,21st ADJ century,ADJ,bm25,mmap-shards,5,4024,17.8854,17.5988,18.1720,17.8360,17.9630,17.6660,18.2440,55.9115,55.0296,56.8221,10020939,152276
wiki,50000,align ADJ center,ADJ,bm25,mmap-shards,5,6527,29.0234,28.8066,29.2402,29.0250,29.1040,28.8210,29.2670,34.4550,34.1994,34.7143,23450696,166759
wiki,50000,best ADJ known,ADJ,bm25,mmap-shards,5,3471,21.4356,21.1614,21.7098,21.3550,21.5560,21.1720,21.7470,46.6514,46.0622,47.2558,12125827,228740
wiki,50000,birth ADJ date,ADJ,bm25,mmap-shards,5,6376,15.8584,15.6850,16.0318,15.8390,15.8730,15.7070,16.0820,63.0581,62.3760,63.7553,10011408,169489
wiki,50000,birth ADJ name,ADJ,bm25,mmap-shards,5,3683,19.1586,18.9539,19.3633,19.1700,19.2870,18.8870,19.2940,52.1959,51.6441,52.7595,11746920,218822
wiki,50000,birth ADJ place,ADJ,bm25,mmap-shards,5,6188,16.8548,16.2562,17.4534,16.6180,16.7750,16.5810,17.7060,59.3303,57.2954,61.5150,10154024,174981
wiki,50000,births ADJ category,ADJ,bm25,mmap-shards,5,6761,26.3694,26.1638,26.5750,26.2950,26.4560,26.2010,26.6150,37.9227,37.6294,38.2207,19654832,274636
wiki,50000,category ADJ 20th,ADJ,bm25,mmap-shards,5,3828,27.2776,27.0996,27.4556,27.2710,27.3440,27.0580,27.4490,36.6601,36.4225,36.9009,20953632,290093
wiki,50000,category ADJ people,ADJ,bm25,mmap-shards,5,4788,35.7640,35.5956,35.9324,35.8180,35.8490,35.5550,35.8920,27.9611,27.8301,28.0933,25276976,367708
wiki,50000,class ADJ wikitable,ADJ,bm25,mmap-shards,5,11967,21.9396,20.5115,23.3677,21.7740,22.0740,20.8350,23.8080,45.5797,42.7941,48.7532,12167936,179620
wiki,50000,date ADJ birth,ADJ,bm25,mmap-shards,5,5025,16.9322,13.3875,20.4769,15.8030,15.9990,15.3870,22.0200,59.0591,48.8355,74.6967,9591419,166799
wiki,50000,date ADJ death,ADJ,bm25,mmap-shards,5,4433,18.1236,17.9588,18.2884,18.0500,18.1700,18.0260,18.3370,55.1767,54.6795,55.6830,10954712,195918
wiki,50000,death ADJ date,ADJ,bm25,mmap-shards,5,5473,20.2636,16.8169,23.7103,18.9460,19.4800,18.7940,25.2070,49.3496,42.1758,59.4639,11560520,197985
wiki,50000,death ADJ place,ADJ,bm25,mmap-shards,5,5300,19.9980,19.7203,20.2757,20.0060,20.1290,19.6770,20.2670,50.0050,49.3200,50.7093,11410035,203507
wiki,50000,deaths ADJ category,ADJ,bm25,mmap-shards,5,5535,30.9264,20.7196,41.1332,27.3250,27.8850,26.6710,45.6130,32.3348,24.3113,48.2635,19549702,276352
wiki,50000,each ADJ other,ADJ,bm25,mmap-shards,5,5956,34.0390,33.6339,34.4441,34.0740,34.2890,33.6870,34.4160,29.3781,29.0326,29.7319,17541296,304799
wiki,50000,even ADJ though,ADJ,bm25,mmap-shards,5,3589,16.8652,16.1187,17.6117,16.9330,17.4040,16.2120,17.4900,59.2937,56.7804,62.0397,9427688,177256
wiki,50000,female ADJ scientists,ADJ,bm25,mmap-shards,5,7,7.1870,6.8562,7.5178,7.0340,7.2860,6.9920,7.6130,139.1401,133.0173,145.8539,5081739,65722
wiki,50000,feminist ADJ movement,ADJ,bm25,mmap-shards,5,79,6.4364,6.0573,6.8155,6.4600,6.5150,6.0110,6.8560,155.3664,146.7237,165.0910,4735547,50251
wiki,50000,first ADJ time,ADJ,bm25,mmap-shards,5,5943,46.0338,41.3993,50.6683,44.4350,45.3370,43.7610,52.6250,21.7232,19.7362,24.1550,22856153,358864
wiki,50000,many ADJ other,ADJ,bm25,mmap-shards,5,3954,40.4670,37.0946,43.8394,39.5170,39.5890,38.8980,45.2970,24.7115,22.8105,26.9581,19054857,340429
wiki,50000,most ADJ common,ADJ,bm25,mmap-shards,5,3438,26.0370,25.7526,26.3214,26.0800,26.1050,25.7540,26.3560,38.4069,37.9919,38.8310,13952384,251822
wiki,50000,most ADJ important,ADJ,bm25,mmap-shards,5,4512,25.7554,23.4074,28.1034,24.8300,25.5230,24.5460,29.0760,38.8268,35.5829,42.7215,13971579,241940
wiki,50000,nbsp ADJ million,ADJ,bm25,mmap-shards,5,3213,20.6878,20.4140,20.9616,20.6260,20.8830,20.4790,20.9560,48.3377,47.7062,48.9861,12655064,163590
wiki,50000,north ADJ america,ADJ,bm25,mmap-shards,5,4334,19.3692,14.7257,24.0127,17.7180,17.7290,17.6660,26.0600,51.6284,41.6446,67.9087,10451484,165018
wiki,50000,other ADJ hand,ADJ,bm25,mmap-shards,5,3010,25.8610,25.5736,26.1484,25.9200,25.9600,25.5760,26.1610,38.6683,38.2432,39.1029,14323896,241267
wiki,50000,prime ADJ minister,ADJ,bm25,mmap-shards,5,3808,10.9674,10.8556,11.0792,10.9480,10.9740,10.8620,11.1100,91.1793,90.2589,92.1186,6755736,70218
wiki,50000,right ADJ thumb,ADJ,bm25,mmap-shards,5,4057,35.5344,35.3893,35.6795,35.5130,35.6280,35.3920,35.6760,28.1417,28.0273,28.2571,21395160,307375
wiki,50000,same ADJ time,ADJ,bm25,mmap-shards,5,5328,29.9378,27.8316,32.0440,29.4430,29.5730,28.8250,32.9180,33.4026,31.2071,35.9304,15715603,290394
wiki,50000,same ADJ year,ADJ,bm25,mmap-shards,5,4271,25.8040,24.7387,26.8693,25.3560,26.2990,24.9660,27.0610,38.7537,37.2172,40.4224,14051016,261501
wiki,50000,style ADJ text,ADJ,bm25,mmap-shards,5,5498,31.0236,27.5679,34.4793,29.4230,32.4270,28.8460,35.2850,32.2335,29.0029,36.2740,22863760,168923
wiki,50000,text ADJ align,ADJ,bm25,mmap-shards,5,6129,28.8860,26.1798,31.5922,28.0480,28.1950,27.5720,32.7630,34.6188,31.6534,38.1974,22670131,145216
wiki,50000,thumb ADJ left,ADJ,bm25,mmap-shards,5,8589,37.3762,35.7405,39.0119,36.5050,38.7520,36.3270,38.8820,26.7550,25.6332,27.9795,20201616,300911
wiki,50000,thumb ADJ right,ADJ,bm25,mmap-shards,5,12139,41.1150,38.8309,43.3991,40.3530,40.3680,40.1620,44.4030,24.3220,23.0420,25.7527,25441038,323120
wiki,50000,thumb ADJ upright,ADJ,bm25,mmap-shards,5,10017,30.9968,30.8324,31.1612,30.9850,31.0290,30.8450,31.1990,32.2614,32.0912,32.4334,17628064,255437
wiki,50000,took ADJ place,ADJ,bm25,mmap-shards,5,4765,19.3796,14.6562,24.1030,17.7560,17.7660,17.5950,26.1840,51.6007,41.4887,68.2304,10318528,191426
wiki,50000,united ADJ kingdom,ADJ,bm25,mmap-shards,5,7179,24.0022,23.8725,24.1319,23.9850,24.0860,23.8460,24.1100,41.6628,41.4389,41.8892,13775488,202741
wiki,50000,united ADJ nations,ADJ,bm25,mmap-shards,5,2858,20.7386,15.7465,25.7307,19.0520,19.0730,18.7500,27.9280,48.2193,38.8641,63.5062,11005283,163066
wiki,50000,united ADJ states,ADJ,bm25,mmap-shards,5,20844,40.6610,40.1705,41.1515,40.5490,40.7320,40.3380,41.3100,24.5936,24.3005,24.8939,22168448,303768
wiki,50000,university ADJ press,ADJ,bm25,mmap-shards,5,5017,18.5546,17.8469,19.2623,18.7260,18.8040,17.5540,18.9840,53.8950,51.9149,56.0321,10822288,156531
wiki,50000,voting ADJ rights,ADJ,bm25,mmap-shards,5,341,6.9576,6.6733,7.2419,6.8730,6.9460,6.7610,7.3500,143.7277,138.0844,149.8520,4953752,52596
wiki,50000,well ADJ known,ADJ,bm25,mmap-shards,5,4363,29.4122,24.2258,34.5986,27.7700,28.1300,27.0550,36.8470,33.9995,28.9029,41.2782,14726190,291399
wiki,50000,wikitable ADJ sortable,ADJ,bm25,mmap-shards,5,4497,11.3386,11.1804,11.4968,11.2910,11.3710,11.2340,11.5460,88.1943,86.9808,89.4422,6914491,94900
wiki,50000,women ADJ rights,ADJ,bm25,mmap-shards,5,2,10.0532,9.7215,10.3849,10.1010,10.2630,9.7390,10.3450,99.4708,96.2940,102.8644,6443936,89114
wiki,50000,years ADJ later,ADJ,bm25,mmap-shards,5,5037,31.1754,26.2857,36.0651,29.3710,29.7910,29.2490,38.2100,32.0766,27.7276,38.0436,15843259,290211
wiki,50000,york ADJ city,ADJ,bm25,mmap-shards,5,4367,25.6284,23.8584,27.3984,25.3270,25.5230,24.1390,27.9930,39.0192,36.4985,41.9140,13496008,190895
wiki,50000,equality AND rights,AND,bm25,mmap-shards,5,807,6.9528,6.8247,7.0809,6.9290,6.9590,6.8430,7.1210,143.8269,141.2241,146.5275,4880536,49458
wiki,50000,female AND scientists,AND,bm25,mmap-shards,5,689,8.8476,4.9873,12.7079,7.5090,7.5110,7.3630,14.4090,113.0250,78.6910,200.5109,5222144,67193
wiki,50000,feminism AND women,AND,bm25,mmap-shards,5,285,7.1594,6.7068,7.6120,7.1820,7.3910,6.5960,7.5510,139.6765,131.3710,149.1030,5064928,51135
wiki,50000,feminist AND movement,AND,bm25,mmap-shards,5,532,6.6948,6.4077,6.9819,6.5880,6.6420,6.5660,7.1050,149.3697,143.2280,156.0616,4810000,51205
wiki,50000,five AND back,AND,bm25,mmap-shards,5,8785,19.9422,18.7788,21.1056,19.6490,20.0000,19.0950,21.5130,50.1449,47.3808,53.2516,10491304,182684
wiki,50000,five AND book,AND,bm25,mmap-shards,5,7130,22.4588,15.5194,29.3982,18.9070,25.8760,18.1800,30.6920,44.5260,34.0157,64.4353,10569216,170019
wiki,50000,five AND caption,AND,bm25,mmap-shards,5,8512,16.8538,16.3448,17.3628,16.8280,17.0670,16.4530,17.4310,59.3338,57.5946,61.1814,10223728,190599
wiki,50000,five AND city,AND,bm25,mmap-shards,5,9972,28.6208,25.4270,31.8146,27.8250,27.8350,26.7140,33.1490,34.9396,31.4322,39.3282,14886712,216533
wiki,50000,five AND country,AND,bm25,mmap-shards,5,8657,20.8960,20.5840,21.2080,20.9490,21.0800,20.4990,21.1270,47.8560,47.1520,48.5815,11067760,185183
wiki,50000,five AND death,AND,bm25,mmap-shards,5,8108,19.5520,18.8395,20.2645,19.5040,20.0090,18.8210,20.2230,51.1457,49.3474,53.0800,11131216,181589
wiki,50000,five AND described,AND,bm25,mmap-shards,5,7040,17.5884,13.6989,21.4779,16.4110,16.5400,15.5190,23.1470,56.8557,46.5595,72.9984,9762294,165862
wiki,50000,five AND developed,AND,bm25,mmap-shards,5,7155,16.8266,16.7728,16.8804,16.8060,16.8470,16.7880,16.8930,59.4297,59.2404,59.6202,9918307,167619
wiki,50000,five AND development,AND,bm25,mmap-shards,5,7079,17.0414,16.8068,17.2760,17.0680,17.1170,16.7570,17.2720,58.6806,57.8838,59.4997,10163304,166833
wiki,50000,five AND down,AND,bm25,mmap-shards,5,8096,18.8462,16.6990,20.9934,18.0740,18.4350,17.7550,21.9100,53.0611,47.6340,59.8839,10132555,173808
wiki,50000,five AND either,AND,bm25,mmap-shards,5,6865,16.9330,16.1670,17.6990,16.6970,16.9000,16.4160,17.9930,59.0563,56.5004,61.8543,9306040,166335
wiki,50000,five AND established,AND,bm25,mmap-shards,5,9198,22.6648,15.8226,29.5070,20.3080,20.3830,19.8860,32.5180,44.1213,33.8903,63.2007,11810376,198427
wiki,50000,five AND family,AND,bm25,mmap-shards,5,8545,19.4630,19.2286,19.6974,19.5010,19.5170,19.2090,19.7180,51.3795,50.7682,52.0058,10993352,190617
wiki,50000,five AND former,AND,bm25,mmap-shards,5,8665,19.0086,18.8893,19.1279,18.9660,18.9980,18.9470,19.1770,52.6078,52.2796,52.9401,10753168,182634
wiki,50000,five AND further,AND,bm25,mmap-shards,5,8129,19.6640,15.2637,24.0643,18.2080,18.2360,17.8010,25.9970,50.8544,41.5553,65.5149,10059768,174631
wiki,50000,five AND important,AND,bm25,mmap-shards,5,7396,17.6688,17.4461,17.8915,17.6440,17.7220,17.4320,17.9270,56.5969,55.8926,57.3193,10111211,171953
wiki,50000,five AND included,AND,bm25,mmap-shards,5,9099,20.5640,16.3331,24.7949,19.1150,19.1580,18.8240,26.6560,48.6287,40.3309,61.2254,10968547,183559
wiki,50000,five AND just,AND,bm25,mmap-shards,5,8125,17.4174,17.1643,17.6705,17.4420,17.5100,17.2110,17.6970,57.4139,56.5916,58.2603,10006976,173399
wiki,50000,five AND less,AND,bm25,mmap-shards,5,7412,17.5948,17.2330,17.9566,17.6740,17.7790,17.2810,17.9360,56.8350,55.6899,58.0281,10050536,173990
wiki,50000,five AND making,AND,bm25,mmap-shards,5,8088,19.0658,15.1033,23.0283,17.5920,18.1200,17.4260,24.7530,52.4499,43.4249,66.2106,9943875,172523
wiki,50000,five AND named,AND,bm25,mmap-shards,5,9400,19.9566,19.6545,20.2587,20.0690,20.1340,19.5730,20.1470,50.1087,49.3615,50.8789,11577176,202083
wiki,50000,five AND north,AND,bm25,mmap-shards,5,9283,22.0358,21.7896,22.2820,21.9960,22.1180,21.8010,22.3260,45.3807,44.8794,45.8934,12593328,201817
wiki,50000,five AND original,AND,bm25,mmap-shards,5,7914,18.5280,17.9809,19.0751,18.6170,18.8020,17.9870,19.0560,53.9724,52.4242,55.6147,10351872,175469
wiki,50000,five AND point,AND,bm25,mmap-shards,5,7982,18.4014,18.1452,18.6576,18.3500,18.4320,18.2240,18.7410,54.3437,53.5974,55.1110,10468704,178106
wiki,50000,five AND power,AND,bm25,mmap-shards,5,7408,19.0696,15.4931,22.6461,18.0470,18.2650,16.8960,24.1340,52.4395,44.1578,64.5447,10596024,169649
wiki,50000,five AND present,AND,bm25,mmap-shards,5,8507,18.5066,18.3699,18.6433,18.4590,18.6210,18.4010,18.6290,54.0348,53.6387,54.4368,10603176,188107
wiki,50000,five AND public,AND,bm25,mmap-shards,5,8931,19.9916,19.8715,20.1117,19.9970,20.0290,19.8420,20.1080,50.0210,49.7222,50.3234,11081760,185962
wiki,50000,five AND published,AND,bm25,mmap-shards,5,7072,18.4400,15.3194,21.5606,17.3700,17.4250,17.2170,22.9340,54.2299,46.3809,65.2767,10220971,166624
wiki,50000,five AND rather,AND,bm25,mmap-shards,5,6810,16.0972,15.9467,16.2477,16.1420,16.1740,15.9560,16.2310,62.1226,61.5472,62.7089,9259008,163234
wiki,50000,five AND related,AND,bm25,mmap-shards,5,6323,15.5340,15.2601,15.8079,15.5680,15.6950,15.2700,15.7870,64.3749,63.2597,65.5302,9145088,160652
wiki,50000,five AND result,AND,bm25,mmap-shards,5,7680,17.4694,16.8542,18.0846,17.2480,17.4580,17.0900,18.3240,57.2430,55.2957,59.3323,9975096,171664
wiki,50000,five AND series,AND,bm25,mmap-shards,5,8111,20.1298,19.7780,20.4816,20.1380,20.2760,19.7880,20.5110,49.6776,48.8244,50.5611,11572488,179168
wiki,50000,five AND short,AND,bm25,mmap-shards,5,7219,19.7080,13.3492,26.0668,17.4220,18.1760,16.9580,28.8330,50.7408,38.3630,74.9107,9832731,165968
wiki,50000,five AND single,AND,bm25,mmap-shards,5,7516,18.0958,17.4267,18.7649,17.9840,18.2150,17.5860,18.9590,55.2614,53.2910,57.3832,10211880,171579
wiki,50000,five AND sometimes,AND,bm25,mmap-shards,5,6202,16.1354,15.6307,16.6401,15.9500,16.0580,15.8740,16.8530,61.9755,60.0958,63.9766,9263536,162616
wiki,50000,five AND south,AND,bm25,mmap-shards,5,9005,24.7628,18.8594,30.6662,22.5220,23.2690,22.3890,33.2440,40.3832,32.6092,53.0241,12183288,198990
wiki,50000,five AND style,AND,bm25,mmap-shards,5,8492,25.3606,25.0613,25.6599,25.2580,25.3220,25.2090,25.7850,39.4312,38.9714,39.9021,18589704,188112
wiki,50000,five AND third,AND,bm25,mmap-shards,5,8713,18.9210,17.9070,19.9350,18.5570,18.6000,18.5130,20.3810,52.8513,50.1631,55.8440,10351400,178202
wiki,50000,five AND thus,AND,bm25,mmap-shards,5,6556,16.3842,16.0104,16.7580,16.2520,16.3930,16.1710,16.9010,61.0344,59.6731,62.4593,9307936,164377
wiki,50000,five AND title,AND,bm25,mmap-shards,5,8313,20.4686,16.8657,24.0715,19.2350,19.2390,19.0370,25.6580,48.8553,41.5430,59.2918,10947984,181265
wiki,50000,women AND education,AND,bm25,mmap-shards,5,3673,12.5216,12.1899,12.8533,12.4390,12.4580,12.2900,12.9840,79.8620,77.8013,82.0348,7472392,100741
wiki,50000,women AND rights,AND,bm25,mmap-shards,5,3487,12.6486,12.1204,13.1768,12.4370,13.0000,12.2090,13.1970,79.0601,75.8910,82.5054,7434851,96128
wiki,50000,women AND science,AND,bm25,mmap-shards,5,2659,12.2866,12.1455,12.4277,12.2540,12.3890,12.1720,12.4230,81.3895,80.4654,82.3351,7339771,99203
wiki,50000,women AND suffrage,AND,bm25,mmap-shards,5,476,10.2704,6.0410,14.4998,9.0140,11.5690,7.4100,15.6170,97.3672,68.9662,165.5369,5143444,53205
wiki,50000,women AND university,AND,bm25,mmap-shards,5,5674,19.1806,18.9050,19.4562,19.0840,19.3900,18.9830,19.4480,52.1360,51.3976,52.8959,11012448,148958
wiki,50000,women AND vote,AND,bm25,mmap-shards,5,1810,10.9030,9.9385,11.8675,10.6620,11.2780,10.1040,12.0590,91.7179,84.2635,100.6192,6229707,75369
wiki,50000,area,BM25_TOPK,bm25,mmap-shards,5,18813,18.9746,16.7834,21.1658,18.3960,18.5080,17.8060,22.0930,52.7020,47.2461,59.5826,7620779,99223
wiki,50000,back,BM25_TOPK,bm25,mmap-shards,5,16309,14.3056,13.4851,15.1261,14.3360,14.4530,13.5830,15.3040,69.9027,66.1108,74.1561,5667507,82770
wiki,50000,book,BM25_TOPK,bm25,mmap-shards,5,14315,13.1538,11.6170,14.6906,12.9390,14.1340,11.9810,14.7110,76.0237,68.0709,86.0806,5684678,73564
wiki,50000,caption,BM25_TOPK,bm25,mmap-shards,5,18149,10.6730,10.4372,10.9088,10.7070,10.7930,10.4660,10.9050,93.6944,91.6693,95.8109,5579987,91556
wiki,50000,central,BM25_TOPK,bm25,mmap-shards,5,16161,12.5570,12.3243,12.7897,12.5060,12.5220,12.3920,12.8800,79.6369,78.1878,81.1407,5849072,82499
wiki,50000,city,BM25_TOPK,bm25,mmap-shards,5,21903,21.3970,17.7596,25.0344,20.0880,20.2340,19.9470,26.6350,46.7355,39.9451,56.3074,8927000,114190
wiki,50000,country,BM25_TOPK,bm25,mmap-shards,5,16680,13.4898,13.2341,13.7455,13.4050,13.5140,13.3030,13.8330,74.1301,72.7513,75.5621,6162632,85526
wiki,50000,created,BM25_TOPK,bm25,mmap-shards,5,15499,11.3988,11.2368,11.5608,11.3850,11.4790,11.2130,11.5580,87.7285,86.4995,88.9929,5467864,78495
wiki,50000,death,BM25_TOPK,bm25,mmap-shards,5,16234,13.2710,13.1234,13.4186,13.3060,13.3080,13.1240,13.4300,75.3523,74.5234,76.1998,6114344,83333
wiki,50000,described,BM25_TOPK,bm25,mmap-shards,5,13693,12.0984,7.5445,16.6523,10.5900,10.7070,10.0300,18.6440,82.6556,60.0516,132.5475,5130336,69409
wiki,50000,developed,BM25_TOPK,bm25,mmap-shards,5,13982,10.8526,10.5803,11.1249,10.9440,11.0200,10.5890,11.0630,92.1438,89.8886,94.5151,5252979,70960
wiki,50000,development,BM25_TOPK,bm25,mmap-shards,5,13791,11.3110,11.0666,11.5554,11.2700,11.5000,11.0350,11.5040,88.4095,86.5394,90.3622,5385328,70455
wiki,50000,does,BM25_TOPK,bm25,mmap-shards,5,12798,9.9354,9.7640,10.1068,9.9330,10.0600,9.7560,10.0800,100.6502,98.9431,102.4173,5006507,64884
wiki,50000,down,BM25_TOPK,bm25,mmap-shards,5,14843,11.3466,11.1387,11.5545,11.2860,11.4390,11.1710,11.5900,88.1321,86.5461,89.7773,5401672,75220
wiki,50000,either,BM25_TOPK,bm25,mmap-shards,5,13872,11.7602,8.2559,15.2645,10.6220,10.7160,10.2140,16.7980,85.0326,65.5117,121.1248,5089323,70169
wiki,50000,established,BM25_TOPK,bm25,mmap-shards,5,19159,14.7142,13.6725,15.7559,14.2620,14.9170,14.0480,16.0960,67.9616,63.4684,73.1394,6450560,97680
wiki,50000,family,BM25_TOPK,bm25,mmap-shards,5,17883,13.4094,13.3334,13.4854,13.3900,13.4670,13.3410,13.4800,74.5746,74.1543,74.9996,6161984,91125
wiki,50000,feminism AND women,BM25_TOPK,bm25,mmap-shards,5,285,6.9360,6.6854,7.1866,6.9590,6.9670,6.7460,7.2450,144.1753,139.1477,149.5799,5064928,51135
wiki,50000,five,BM25_TOPK,bm25,mmap-shards,5,16355,12.2562,12.2162,12.2962,12.2450,12.2460,12.2330,12.3130,81.5914,81.3262,81.8582,5686264,82974
wiki,50000,former,BM25_TOPK,bm25,mmap-shards,5,16297,13.6654,10.3269,17.0039,12.6640,12.7240,11.9660,18.4460,73.1775,58.8099,96.8349,5822955,83081
wiki,50000,further,BM25_TOPK,bm25,mmap-shards,5,15012,11.0802,10.5396,11.6208,11.1480,11.4660,10.5450,11.5180,90.2511,86.0527,94.8801,5366960,75921
wiki,50000,held,BM25_TOPK,bm25,mmap-shards,5,14603,11.4406,11.3406,11.5406,11.4300,11.5160,11.3350,11.5250,87.4080,86.6503,88.1791,5500784,74285
wiki,50000,important,BM25_TOPK,bm25,mmap-shards,5,14751,11.0708,10.8152,11.3264,11.0160,11.1580,10.8880,11.3850,90.3277,88.2892,92.4626,5420168,74799
wiki,50000,included,BM25_TOPK,bm25,mmap-shards,5,16388,12.2700,12.1265,12.4135,12.2860,12.3410,12.0790,12.3780,81.4996,80.5573,82.4642,5661475,83009
wiki,50000,just,BM25_TOPK,bm25,mmap-shards,5,14766,11.6512,9.6897,13.6127,10.5670,12.9910,10.4580,13.7250,85.8281,73.4606,103.2028,5322547,74692
wiki,50000,less,BM25_TOPK,bm25,mmap-shards,5,15168,11.0430,10.7890,11.2970,10.9870,11.0460,10.8350,11.3820,90.5551,88.5192,92.6868,5406355,76782
wiki,50000,making,BM25_TOPK,bm25,mmap-shards,5,14610,10.8390,10.2812,11.3968,10.7980,11.1040,10.3190,11.4460,92.2594,87.7440,97.2648,5281896,73885
wiki,50000,named,BM25_TOPK,bm25,mmap-shards,5,19939,14.1240,13.8650,14.3830,14.1530,14.1800,13.8910,14.4270,70.8015,69.5265,72.1241,6273448,100922
wiki,50000,near,BM25_TOPK,bm25,mmap-shards,5,16294,12.5018,12.1137,12.8899,12.4250,12.7120,12.0810,12.8930,79.9885,77.5800,82.5513,5676088,82725
wiki,50000,north,BM25_TOPK,bm25,mmap-shards,5,19545,18.6936,12.2167,25.1705,16.2300,17.1080,15.9460,27.9930,53.4942,39.7290,81.8552,7095976,100888
wiki,50000,original,BM25_TOPK,bm25,mmap-shards,5,15201,11.4794,11.2843,11.6745,11.4520,11.5690,11.2740,11.6880,87.1126,85.6570,88.6185,5569595,77348
wiki,50000,point,BM25_TOPK,bm25,mmap-shards,5,15667,12.0538,11.8378,12.2698,12.0950,12.1160,11.7970,12.2680,82.9614,81.5009,84.4752,5707539,79811
wiki,50000,power,BM25_TOPK,bm25,mmap-shards,5,14128,11.9016,11.7553,12.0479,11.9140,11.9230,11.7930,12.0810,84.0223,83.0022,85.0678,5675816,72654
wiki,50000,present,BM25_TOPK,bm25,mmap-shards,5,17548,12.6294,12.5373,12.7215,12.6110,12.7020,12.5420,12.7100,79.1803,78.6074,79.7617,5823123,88843
wiki,50000,public,BM25_TOPK,bm25,mmap-shards,5,16696,14.3608,11.9113,16.8103,13.3870,13.8210,13.3600,17.8730,69.6340,59.4872,83.9541,6163244,85748
wiki,50000,published,BM25_TOPK,bm25,mmap-shards,5,13726,11.2856,10.9776,11.5936,11.3440,11.4870,10.9730,11.5390,88.6085,86.2548,91.0943,5425083,70248
wiki,50000,rather,BM25_TOPK,bm25,mmap-shards,5,13270,10.0832,9.5950,10.5714,10.1450,10.2910,9.4120,10.4260,99.1749,94.5952,104.2206,5032624,67148
wiki,50000,related,BM25_TOPK,bm25,mmap-shards,5,12953,9.7004,9.2709,10.1299,9.7250,9.7290,9.1820,10.1570,103.0885,98.7178,107.8642,4968336,65563
wiki,50000,result,BM25_TOPK,bm25,mmap-shards,5,14596,10.8224,10.6044,11.0404,10.7670,10.9460,10.6080,11.0510,92.4009,90.5763,94.3006,5321976,73865
wiki,50000,series,BM25_TOPK,bm25,mmap-shards,5,15688,15.4188,10.5090,20.3286,13.6220,13.9320,13.4850,22.4870,64.8559,49.1917,95.1567,6361448,80885
wiki,50000,short,BM25_TOPK,bm25,mmap-shards,5,13610,10.3990,10.0000,10.7980,10.3310,10.3580,10.1540,10.9530,96.1631,92.6095,100.0003,5172672,69125
wiki,50000,single,BM25_TOPK,bm25,mmap-shards,5,14585,11.5580,10.9436,12.1724,11.4150,11.5280,11.1450,12.4060,86.5202,82.1531,91.3775,5472480,74202
wiki,50000,sometimes,BM25_TOPK,bm25,mmap-shards,5,13376,9.9002,9.4989,10.3015,9.9040,10.0880,9.4790,10.3140,101.0081,97.0737,105.2748,5068264,67765
wiki,50000,south,BM25_TOPK,bm25,mmap-shards,5,19061,16.1688,15.9303,16.4073,16.2340,16.2940,15.8410,16.3110,61.8475,60.9485,62.7734,7145720,98623
wiki,50000,style,BM25_TOPK,bm25,mmap-shards,5,16223,18.0804,17.7013,18.4595,18.1070,18.3540,17.7310,18.4000,55.3085,54.1728,56.4929,11802552,89757
wiki,50000,third,BM25_TOPK,bm25,mmap-shards,5,15434,12.2522,12.0755,12.4289,12.2620,12.3600,12.0670,12.4140,81.6180,80.4574,82.8126,5531648,78350
wiki,50000,thus,BM25_TOPK,bm25,mmap-shards,5,13592,10.6898,10.4394,10.9402,10.8240,10.8250,10.4100,10.8500,93.5471,91.4063,95.7906,5100912,68836
wiki,50000,title,BM25_TOPK,bm25,mmap-shards,5,16126,14.3804,10.6789,18.0819,13.1800,13.2370,12.8010,19.7050,69.5391,55.3040,93.6423,5963736,82358
wiki,50000,women AND rights,BM25_TOPK,bm25,mmap-shards,5,3487,12.7228,12.4614,12.9842,12.7450,12.7930,12.4510,13.0150,78.5991,77.0164,80.2481,7434851,96128
wiki,50000,women AND science,BM25_TOPK,bm25,mmap-shards,5,2659,12.3456,12.0028,12.6884,12.3260,12.6240,12.0530,12.6280,81.0005,78.8119,83.3142,7339771,99203
wiki,50000,(feminism OR feminist) AND movement,COMPLEX,bm25,mmap-shards,5,635,7.1892,6.9754,7.4030,7.1910,7.2630,6.9470,7.4150,139.0975,135.0809,143.3604,5227896,57171
wiki,50000,(five OR back) AND NOT result,COMPLEX,bm25,mmap-shards,5,13352,32.3928,25.9584,38.8272,30.1820,30.2690,29.8660,41.6600,30.8711,25.7551,38.5232,21892968,339583
wiki,50000,(five OR back) AND result,COMPLEX,bm25,mmap-shards,5,10527,32.3822,26.1030,38.6614,29.9830,31.1020,29.6340,41.3720,30.8812,25.8656,38.3098,21801947,354934
wiki,50000,(five OR caption) AND NOT single,COMPLEX,bm25,mmap-shards,5,16210,32.4676,28.1385,36.7967,31.0990,31.6540,30.1320,38.6280,30.7999,27.1764,35.5385,22901281,357834
wiki,50000,(five OR caption) AND single,COMPLEX,bm25,mmap-shards,5,9782,27.7362,27.4979,27.9745,27.6740,27.8170,27.5740,28.0320,36.0540,35.7469,36.3664,21690624,364361
wiki,50000,(five OR city) AND NOT back,COMPLEX,bm25,mmap-shards,5,16194,42.2950,41.7023,42.8877,42.4050,42.5140,41.4680,42.6920,23.6435,23.3167,23.9795,27687312,397952
wiki,50000,(five OR city) AND back,COMPLEX,bm25,mmap-shards,5,12092,40.6590,40.3190,40.9990,40.6240,40.7600,40.3880,41.0730,24.5948,24.3909,24.8022,28057032,413865
wiki,50000,(five OR country) AND NOT thus,COMPLEX,bm25,mmap-shards,5,16058,31.9800,31.5093,32.4507,31.7690,32.0210,31.7380,32.6250,31.2695,30.8160,31.7367,23312536,343341
wiki,50000,(five OR country) AND thus,COMPLEX,bm25,mmap-shards,5,8320,29.5468,26.7519,32.3417,28.6480,28.6630,28.3070,33.5660,33.8446,30.9198,37.3806,21457083,344419
wiki,50000,(five OR death) AND NOT developed,COMPLEX,bm25,mmap-shards,5,15220,32.9940,29.7704,36.2176,32.0300,32.3840,31.3680,37.5860,30.3085,27.6109,33.5904,23262262,340196
wiki,50000,(five OR death) AND developed,COMPLEX,bm25,mmap-shards,5,9261,31.7046,26.6671,36.7421,30.0210,30.1070,29.4440,38.9480,31.5412,27.2167,37.4994,22158792,346678
wiki,50000,(five OR developed) AND NOT series,COMPLEX,bm25,mmap-shards,5,12460,31.5382,26.3353,36.7411,29.6040,29.9050,29.5580,39.0310,31.7076,27.2175,37.9718,21032424,326737
wiki,50000,(five OR developed) AND series,COMPLEX,bm25,mmap-shards,5,10722,33.0672,29.1623,36.9721,31.7620,31.9260,31.2680,38.6770,30.2414,27.0474,34.2908,21540256,344190
wiki,50000,(five OR either) AND NOT making,COMPLEX,bm25,mmap-shards,5,12638,27.4902,27.2198,27.7606,27.4190,27.6740,27.2350,27.7560,36.3766,36.0222,36.7380,20936531,318750
wiki,50000,(five OR either) AND making,COMPLEX,bm25,mmap-shards,5,10724,29.2638,25.6173,32.9103,27.9990,28.0980,27.7790,34.5140,34.1719,30.3856,39.0361,21073184,335816
wiki,50000,(five OR established) AND NOT either,COMPLEX,bm25,mmap-shards,5,17161,33.9800,30.2592,37.7008,32.6260,33.2840,32.2200,39.2950,29.4291,26.5247,33.0477,23803643,364569
wiki,50000,(five OR established) AND either,COMPLEX,bm25,mmap-shards,5,9155,32.3732,25.9484,38.7980,30.1400,30.8580,29.5460,41.5870,30.8897,25.7745,38.5380,22372542,366811
wiki,50000,(five OR further) AND NOT named,COMPLEX,bm25,mmap-shards,5,10959,30.4914,25.3838,35.5990,28.9210,28.9970,28.3400,37.8310,32.7961,28.0907,39.3953,20410272,351791
wiki,50000,(five OR further) AND named,COMPLEX,bm25,mmap-shards,5,12279,32.7506,30.1361,35.3651,32.0680,32.1670,31.2290,36.4610,30.5338,28.2765,33.1827,22183312,378470
wiki,50000,(five OR important) AND NOT further,COMPLEX,bm25,mmap-shards,5,12502,28.0328,27.8901,28.1755,28.0360,28.0690,27.9230,28.2040,35.6725,35.4918,35.8550,21445248,327501
wiki,50000,(five OR important) AND further,COMPLEX,bm25,mmap-shards,5,11208,31.0618,26.4113,35.7123,29.3080,29.7960,29.1650,37.7490,32.1939,28.0015,37.8626,21778966,346717
wiki,50000,(five OR included) AND NOT death,COMPLEX,bm25,mmap-shards,5,12825,33.0996,30.0720,36.1272,32.0200,33.0660,31.2730,37.3050,30.2118,27.6799,33.2536,22635622,348756
wiki,50000,(five OR included) AND death,COMPLEX,bm25,mmap-shards,5,10819,34.6442,32.4625,36.8259,34.0520,34.6950,32.9980,37.5950,28.8649,27.1548,30.8047,23065155,365952
wiki,50000,(five OR less) AND NOT south,COMPLEX,bm25,mmap-shards,5,12707,35.1082,28.7413,41.4751,32.5400,34.0750,32.3530,44.1920,28.4834,24.1109,34.7931,23229656,353410
wiki,50000,(five OR less) AND south,COMPLEX,bm25,mmap-shards,5,11404,35.6082,31.5013,39.7151,34.3420,34.4990,33.5410,41.4900,28.0834,25.1794,31.7447,23757608,373216
wiki,50000,(five OR making) AND NOT original,COMPLEX,bm25,mmap-shards,5,12390,28.9276,28.3928,29.4624,28.7250,29.2570,28.5290,29.5090,34.5691,33.9416,35.2202,20310336,328147
wiki,50000,(five OR making) AND original,COMPLEX,bm25,mmap-shards,5,10487,29.4332,29.1528,29.7136,29.5370,29.6000,29.1080,29.6310,33.9752,33.6547,34.3020,20490032,344782
wiki,50000,(five OR named) AND NOT included,COMPLEX,bm25,mmap-shards,5,14139,34.7474,29.0134,40.4814,32.8900,33.1180,32.1450,42.9840,28.7791,24.7027,34.4668,23095264,376366
wiki,50000,(five OR named) AND included,COMPLEX,bm25,mmap-shards,5,12755,37.6588,28.9778,46.3398,35.3900,35.5600,33.6050,50.0590,26.5542,21.5797,34.5091,24209627,398362
wiki,50000,(five OR north) AND NOT third,COMPLEX,bm25,mmap-shards,5,15033,38.6700,32.5416,44.7984,36.8420,36.9250,35.7900,47.4630,25.8598,22.3222,30.7299,24870848,372505
wiki,50000,(five OR north) AND third,COMPLEX,bm25,mmap-shards,5,11584,36.2198,33.3716,39.0680,35.3820,35.5700,34.5630,40.2660,27.6092,25.5964,29.9656,24919742,388712
wiki,50000,(five OR point) AND NOT north,COMPLEX,bm25,mmap-shards,5,11568,31.7538,31.5289,31.9787,31.7650,31.8690,31.5380,31.9820,31.4923,31.2708,31.7170,23466864,357960
wiki,50000,(five OR point) AND north,COMPLEX,bm25,mmap-shards,5,12472,35.4424,34.2581,36.6267,35.0690,35.3360,34.6580,37.0930,28.2148,27.3025,29.1901,24974752,384355
wiki,50000,(five OR public) AND NOT less,COMPLEX,bm25,mmap-shards,5,14309,33.3884,28.9608,37.8160,31.8040,31.9320,31.6710,39.7660,29.9505,26.4439,34.5294,22722984,348318
wiki,50000,(five OR public) AND less,COMPLEX,bm25,mmap-shards,5,9811,31.8478,27.9175,35.7781,30.3660,30.7710,30.2590,37.5000,31.3993,27.9500,35.8199,22517576,358851
wiki,50000,(five OR result) AND NOT important,COMPLEX,bm25,mmap-shards,5,12785,29.8982,25.5498,34.2466,28.0570,29.6220,27.8910,36.0270,33.4468,29.2000,39.1393,20226734,325974
wiki,50000,(five OR result) AND important,COMPLEX,bm25,mmap-shards,5,10486,28.6076,28.1233,29.0919,28.6800,28.7180,28.0910,29.1410,34.9557,34.3739,35.5577,20342643,341819
wiki,50000,(five OR series) AND NOT caption,COMPLEX,bm25,mmap-shards,5,12476,29.3630,29.0377,29.6883,29.3260,29.3870,29.0530,29.7740,34.0565,33.6833,34.4380,22984272,351753
wiki,50000,(five OR series) AND caption,COMPLEX,bm25,mmap-shards,5,11456,33.2544,25.9884,40.5204,30.6610,30.8930,30.3780,43.7190,30.0712,24.6789,38.4787,23421128,370847
wiki,50000,(five OR single) AND NOT public,COMPLEX,bm25,mmap-shards,5,12261,30.9622,28.7187,33.2057,30.1840,30.2760,30.0000,34.1900,32.2974,30.1153,34.8205,22294576,335951
wiki,50000,(five OR single) AND public,COMPLEX,bm25,mmap-shards,5,11163,32.6678,30.1510,35.1846,31.4830,33.1340,31.3230,36.0320,30.6112,28.4215,33.1664,22757032,355657
wiki,50000,(five OR south) AND NOT point,COMPLEX,bm25,mmap-shards,5,15417,36.8662,32.5431,41.1893,35.3270,35.5340,35.1350,43.0900,27.1251,24.2781,30.7285,25132315,371215
wiki,50000,(five OR south) AND point,COMPLEX,bm25,mmap-shards,5,10994,35.3368,31.5569,39.1167,34.3780,34.5250,32.7830,40.6320,28.2991,25.5645,31.6888,24514451,384282
wiki,50000,(five OR third) AND NOT country,COMPLEX,bm25,mmap-shards,5,12004,29.9422,29.6855,30.1989,30.0170,30.0220,29.7100,30.2070,33.3977,33.1138,33.6865,21242744,342367
wiki,50000,(five OR third) AND country,COMPLEX,bm25,mmap-shards,5,11072,32.9790,29.0819,36.8761,31.6120,31.8560,31.3260,38.5840,30.3223,27.1179,34.3856,21748259,362089
wiki,50000,(five OR thus) AND NOT established,COMPLEX,bm25,mmap-shards,5,11870,30.9978,26.6445,35.3511,29.6410,29.9390,28.8500,37.2290,32.2604,28.2877,37.5312,22017363,338863
wiki,50000,(five OR thus) AND established,COMPLEX,bm25,mmap-shards,5,11521,35.4200,28.0681,42.7719,31.5970,37.5860,31.4060,44.9180,28.2326,23.3799,35.6276,23022536,360756
wiki,50000,(women OR female) AND scientists,COMPLEX,bm25,mmap-shards,5,1197,13.9526,13.6743,14.2309,13.8760,14.0450,13.7490,14.2990,71.6712,70.2696,73.1299,11902832,161241
wiki,50000,(women OR feminism) AND rights,COMPLEX,bm25,mmap-shards,5,3505,15.7776,12.5917,18.9635,14.5340,16.4730,13.9500,19.9780,63.3810,52.7328,79.4175,10291288,124691
wiki,50000,women NEAR/3 rights AND NOT men,COMPLEX,bm25,mmap-shards,5,213,14.5744,14.3038,14.8450,14.6440,14.6760,14.2070,14.7740,68.6135,67.3629,69.9114,8868376,148097
wiki,50000,17th NEAR/3 century,NEAR/3,bm25,mmap-shards,5,3410,17.4770,17.2269,17.7271,17.4410,17.5270,17.2970,17.7970,57.2181,56.4109,58.0487,10068264,150275
wiki,50000,18th NEAR/3 century,NEAR/3,bm25,mmap-shards,5,4290,18.5848,18.2065,18.9631,18.6520,18.7330,18.1630,18.9580,53.8074,52.7339,54.9256,10564528,156782
wiki,50000,19th NEAR/3 century,NEAR/3,bm25,mmap-shards,5,8451,22.5922,22.4635,22.7209,22.5440,22.6800,22.5020,22.7260,44.2631,44.0123,44.5167,12257208,185453
wiki,50000,20th NEAR/3 century,NEAR/3,bm25,mmap-shards,5,10778,26.2678,23.3145,29.2211,25.3180,25.6690,24.5960,30.4660,38.0694,34.2218,42.8918,13254168,201515
wiki,50000,21st NEAR/3 century,NEAR/3,bm25,mmap-shards,5,4033,17.8408,17.5984,18.0832,17.8910,17.9800,17.5340,18.0210,56.0513,55.3001,56.8232,10021648,152294
wiki,50000,align NEAR/3 center,NEAR/3,bm25,mmap-shards,5,8417,31.9594,28.6762,35.2426,31.0070,31.6670,30.1980,36.5740,31.2897,28.3747,34.8722,23964744,170508
wiki,50000,best NEAR/3 known,NEAR/3,bm25,mmap-shards,5,3524,24.8160,18.2865,31.3455,22.2020,23.3690,22.1490,34.1790,40.2966,31.9025,54.6850,12133499,228841
wiki,50000,birth NEAR/3 date,NEAR/3,bm25,mmap-shards,5,6463,17.9502,16.9101,18.9903,18.1270,18.1360,16.9210,19.1380,55.7097,52.6585,59.1362,10017768,169654
wiki,50000,birth NEAR/3 name,NEAR/3,bm25,mmap-shards,5,3938,19.4998,19.2769,19.7227,19.4550,19.6620,19.2460,19.6840,51.2826,50.7030,51.8756,11781536,219339
wiki,50000,birth NEAR/3 place,NEAR/3,bm25,mmap-shards,5,6310,17.0670,16.1621,17.9719,16.7940,16.8620,16.6120,18.3600,58.5926,55.6425,61.8730,10169920,175225
wiki,50000,births NEAR/3 category,NEAR/3,bm25,mmap-shards,5,6793,26.8824,25.0901,28.6747,26.2750,26.3520,26.1560,29.4610,37.1991,34.8739,39.8564,19657747,274702
wiki,50000,category NEAR/3 people,NEAR/3,bm25,mmap-shards,5,6567,37.6816,37.0023,38.3609,37.4840,37.5710,37.2540,38.6380,26.5382,26.0682,27.0253,26316688,370972
wiki,50000,class NEAR/3 wikitable,NEAR/3,bm25,mmap-shards,5,12058,22.6882,16.8427,28.5337,20.6430,20.6570,20.3990,31.1090,44.0758,35.0462,59.3730,12174907,179798
wiki,50000,date NEAR/3 birth,NEAR/3,bm25,mmap-shards,5,6463,16.5330,15.1861,17.8799,16.1710,16.2580,15.8590,18.4510,60.4851,55.9288,65.8496,9994208,169661
wiki,50000,date NEAR/3 death,NEAR/3,bm25,mmap-shards,5,5570,19.3500,17.0790,21.6210,18.5820,18.6920,18.3320,22.6140,51.6796,46.2513,58.5514,11360768,198173
wiki,50000,death NEAR/3 date,NEAR/3,bm25,mmap-shards,5,5570,18.5382,18.3815,18.6949,18.4750,18.6710,18.4030,18.6750,53.9427,53.4906,54.4024,11570760,198175
wiki,50000,death NEAR/3 place,NEAR/3,bm25,mmap-shards,5,5389,19.5546,19.4265,19.6827,19.5320,19.6320,19.4380,19.6870,51.1389,50.8059,51.4762,11700707,203679
wiki,50000,deaths NEAR/3 category,NEAR/3,bm25,mmap-shards,5,5691,27.2244,26.7826,27.6662,27.2730,27.3220,26.6910,27.6780,36.7318,36.1452,37.3377,19573392,276660
wiki,50000,each NEAR/3 other,NEAR/3,bm25,mmap-shards,5,6209,34.9812,33.2391,36.7233,34.4550,34.8420,33.9120,37.4190,28.5868,27.2306,30.0851,17587843,305302
wiki,50000,even NEAR/3 though,NEAR/3,bm25,mmap-shards,5,3639,16.5216,16.1390,16.9042,16.4810,16.7260,16.1580,16.9250,60.5268,59.1571,61.9615,9433488,177360
wiki,50000,female NEAR/3 scientists,NEAR/3,bm25,mmap-shards,5,12,6.6724,6.5096,6.8352,6.6170,6.7180,6.5460,6.8790,149.8711,146.3020,153.6187,5084995,65742
wiki,50000,first NEAR/3 time,NEAR/3,bm25,mmap-shards,5,6528,44.0292,43.6765,44.3819,43.9740,44.3010,43.7100,44.3440,22.7122,22.5317,22.8956,23048099,360031
wiki,50000,many NEAR/3 other,NEAR/3,bm25,mmap-shards,5,4570,38.4970,36.2892,40.7048,37.8170,38.3170,37.2270,41.5960,25.9761,24.5671,27.5564,19414032,341667
wiki,50000,most NEAR/3 common,NEAR/3,bm25,mmap-shards,5,3633,25.3186,25.0724,25.5648,25.3840,25.4090,25.0060,25.5290,39.4967,39.1163,39.8845,13992867,252202
wiki,50000,most NEAR/3 important,NEAR/3,bm25,mmap-shards,5,4642,26.1124,22.9773,29.2475,25.0220,25.1040,24.8600,30.6270,38.2960,34.1909,43.5213,13997376,242193
wiki,50000,nbsp NEAR/3 million,NEAR/3,bm25,mmap-shards,5,3252,20.7714,20.6118,20.9310,20.7320,20.8410,20.6420,20.9590,48.1431,47.7759,48.5160,12693912,163657
wiki,50000,north NEAR/3 america,NEAR/3,bm25,mmap-shards,5,4441,18.9940,17.1044,20.8836,18.0160,20.4310,17.8130,20.8700,52.6482,47.8844,58.4647,10464235,165227
wiki,50000,other NEAR/3 hand,NEAR/3,bm25,mmap-shards,5,3076,26.1082,25.8920,26.3244,26.1570,26.1870,25.8120,26.2660,38.3021,37.9875,38.6220,14508995,241387
wiki,50000,prime NEAR/3 minister,NEAR/3,bm25,mmap-shards,5,3810,13.0584,7.7046,18.4122,11.1460,11.2090,11.0280,20.7720,76.5791,54.3117,129.7934,6755931,70222
wiki,50000,right NEAR/3 thumb,NEAR/3,bm25,mmap-shards,5,15303,45.5098,40.0132,51.0064,43.5150,43.6460,43.4490,53.4290,21.9733,19.6054,24.9918,26331120,329750
wiki,50000,same NEAR/3 time,NEAR/3,bm25,mmap-shards,5,5501,30.3118,29.7387,30.8849,30.2570,30.6050,29.7830,30.9270,32.9905,32.3782,33.6263,15745120,290738
wiki,50000,same NEAR/3 year,NEAR/3,bm25,mmap-shards,5,4395,29.4334,20.1164,38.7504,26.0820,26.1720,26.0090,42.8580,33.9750,25.8062,49.7106,14073248,261743
wiki,50000,style NEAR/3 text,NEAR/3,bm25,mmap-shards,5,5743,29.9660,29.3132,30.6188,29.7700,30.5150,29.3860,30.5290,33.3712,32.6596,34.1144,22979384,169377
wiki,50000,text NEAR/3 align,NEAR/3,bm25,mmap-shards,5,6204,29.3558,28.8374,29.8742,29.2320,29.2510,28.9950,30.0790,34.0648,33.4737,34.6772,22723576,145361
wiki,50000,thumb NEAR/3 left,NEAR/3,bm25,mmap-shards,5,10642,41.1774,35.1061,47.2487,38.3290,42.3220,37.7600,49.2810,24.2852,21.1646,28.4851,21037176,304889
wiki,50000,thumb NEAR/3 right,NEAR/3,bm25,mmap-shards,5,15303,45.5352,42.9512,48.1192,45.0020,45.2660,44.1140,49.1450,21.9610,20.7817,23.2822,26950371,329267
wiki,50000,thumb NEAR/3 upright,NEAR/3,bm25,mmap-shards,5,12279,35.6340,29.9776,41.2904,34.1850,34.3050,32.4630,43.6790,28.0631,24.2187,33.3582,18443590,259681
wiki,50000,took NEAR/3 place,NEAR/3,bm25,mmap-shards,5,4956,17.9538,17.8093,18.0983,17.9050,18.0260,17.8370,18.1200,55.6985,55.2539,56.1503,10338408,191814
wiki,50000,united NEAR/3 kingdom,NEAR/3,bm25,mmap-shards,5,7222,25.4248,21.9972,28.8524,24.2030,24.2500,24.1190,30.3630,39.3317,34.6592,45.4603,13780187,202827
wiki,50000,united NEAR/3 nations,NEAR/3,bm25,mmap-shards,5,2903,19.3084,18.9943,19.6225,19.4470,19.4980,18.9610,19.5180,51.7909,50.9619,52.6473,11016712,163150
wiki,50000,united NEAR/3 states,NEAR/3,bm25,mmap-shards,5,20880,41.9148,39.9804,43.8492,41.3300,41.5630,40.9860,44.6700,23.8579,22.8054,25.0122,22175080,303840
wiki,50000,university NEAR/3 press,NEAR/3,bm25,mmap-shards,5,5698,19.2612,19.0721,19.4503,19.3630,19.3740,19.0710,19.3780,51.9178,51.4130,52.4327,11189691,157858
wiki,50000,voting NEAR/3 rights,NEAR/3,bm25,mmap-shards,5,349,6.6440,6.3420,6.9460,6.7370,6.7590,6.2110,6.7880,150.5117,143.9683,157.6783,4954440,52612
wiki,50000,well NEAR/3 known,NEAR/3,bm25,mmap-shards,5,4439,27.3474,26.5066,28.1882,27.1160,27.2900,26.8020,28.5170,36.5665,35.4758,37.7265,14738267,291553
wiki,50000,wikitable NEAR/3 sortable,NEAR/3,bm25,mmap-shards,5,4856,11.3774,11.1158,11.6390,11.3100,11.3150,11.2090,11.7460,87.8935,85.9180,89.9621,6934640,95598
wiki,50000,women NEAR/3 education,NEAR/3,bm25,mmap-shards,5,132,9.8892,9.8188,9.9596,9.9120,9.9180,9.8260,9.9560,101.1204,100.4059,101.8452,6594576,93667
wiki,50000,women NEAR/3 rights,NEAR/3,bm25,mmap-shards,5,570,10.5626,10.1443,10.9809,10.6190,10.7500,10.0060,10.8880,94.6737,91.0671,98.5777,6687384,90335
wiki,50000,women NEAR/3 science,NEAR/3,bm25,mmap-shards,5,73,10.3996,10.2274,10.5718,10.4700,10.4970,10.2150,10.5270,96.1575,94.5910,97.7768,6689960,94053
wiki,50000,years NEAR/3 later,NEAR/3,bm25,mmap-shards,5,5815,32.6534,27.0467,38.2601,29.8400,34.2000,29.4650,39.9400,30.6247,26.1369,36.9731,16264680,291767
wiki,50000,york NEAR/3 city,NEAR/3,bm25,mmap-shards,5,4514,24.5058,23.9538,25.0578,24.5720,24.7510,23.8190,24.9970,40.8067,39.9077,41.7471,13535088,191180
wiki,50000,feminism AND NOT anarchism,NOT,bm25,mmap-shards,5,305,3.2218,2.9323,3.5113,3.1700,3.2000,3.0140,3.6190,310.3855,284.7947,341.0294,3064123,2990
wiki,50000,five AND NOT area,NOT,bm25,mmap-shards,5,8074,21.5390,19.2229,23.8551,21.1090,22.3130,19.9050,24.3790,46.4274,41.9198,52.0213,11787640,181785
wiki,50000,five AND NOT back,NOT,bm25,mmap-shards,5,7570,16.6370,16.5238,16.7502,16.6020,16.7140,16.5260,16.7470,60.1070,59.7008,60.5188,9833584,165316
wiki,50000,five AND NOT book,NOT,bm25,mmap-shards,5,9225,17.6208,17.4413,17.8003,17.5860,17.6080,17.4860,17.8660,56.7511,56.1789,57.3351,10312304,156169
wiki,50000,five AND NOT caption,NOT,bm25,mmap-shards,5,7843,17.4776,11.9310,23.0242,15.6270,16.1280,15.0560,25.4330,57.2161,43.4326,83.8152,9747328,174128
wiki,50000,five AND NOT central,NOT,bm25,mmap-shards,5,8451,17.2224,17.1518,17.2930,17.2210,17.2410,17.1390,17.2970,58.0639,57.8268,58.3029,10016304,165069
wiki,50000,five AND NOT city,NOT,bm25,mmap-shards,5,6383,23.4658,21.4037,25.5279,22.5120,24.3220,22.1770,25.9990,42.6152,39.1728,46.7209,12732536,196733
wiki,50000,five AND NOT country,NOT,bm25,mmap-shards,5,7698,18.2840,17.7851,18.7829,18.1630,18.3850,17.9160,18.9310,54.6926,53.2399,56.2268,10329960,168098
wiki,50000,five AND NOT created,NOT,bm25,mmap-shards,5,8289,16.7936,16.1898,17.3974,16.7460,16.7610,16.3550,17.6080,59.5465,57.4797,61.7675,9634712,161057
wiki,50000,five AND NOT death,NOT,bm25,mmap-shards,5,8247,18.8092,16.1472,21.4712,17.8910,17.9720,17.6760,22.6400,53.1655,46.5740,61.9302,10282536,165923
wiki,50000,five AND NOT described,NOT,bm25,mmap-shards,5,9315,16.6762,16.3479,17.0045,16.6860,16.8130,16.2590,16.9700,59.9657,58.8080,61.1699,9755459,151962
wiki,50000,five AND NOT developed,NOT,bm25,mmap-shards,5,9200,16.8018,16.4040,17.1996,16.9580,16.9880,16.3160,17.1030,59.5174,58.1409,60.9607,9871539,153534
wiki,50000,five AND NOT development,NOT,bm25,mmap-shards,5,9276,18.4180,14.3259,22.5101,16.9620,17.1210,16.8290,24.3110,54.2947,44.4244,69.8038,10009699,152992
wiki,50000,five AND NOT does,NOT,bm25,mmap-shards,5,10344,16.9390,15.9761,17.9019,16.6650,16.9030,16.3050,18.2720,59.0354,55.8599,62.5937,9630968,147423
wiki,50000,five AND NOT down,NOT,bm25,mmap-shards,5,8259,16.4992,16.3724,16.6260,16.5150,16.5880,16.3760,16.6040,60.6090,60.1468,61.0784,9568712,157786
wiki,50000,five AND NOT either,NOT,bm25,mmap-shards,5,9490,16.5826,16.1026,17.0626,16.6070,16.8290,16.0580,17.0480,60.3042,58.6078,62.1017,9715032,152734
wiki,50000,five AND NOT established,NOT,bm25,mmap-shards,5,7157,18.1504,17.8743,18.4265,18.0430,18.3450,17.9420,18.4320,55.0952,54.2696,55.9463,10617411,180242
wiki,50000,five AND NOT family,NOT,bm25,mmap-shards,5,7810,19.9100,15.1380,24.6820,18.1930,18.4110,17.9960,26.7810,50.2260,40.5154,66.0589,10331520,173743
wiki,50000,five AND NOT former,NOT,bm25,mmap-shards,5,7690,17.6314,17.3325,17.9303,17.6520,17.7030,17.3290,17.9740,56.7170,55.7715,57.6952,9989032,165627
wiki,50000,five AND NOT further,NOT,bm25,mmap-shards,5,8226,16.5414,16.2129,16.8699,16.4850,16.8030,16.2540,16.8300,60.4544,59.2771,61.6794,9534288,158493
wiki,50000,five AND NOT held,NOT,bm25,mmap-shards,5,7943,19.7182,15.3009,24.1355,17.6380,22.6390,16.9030,24.4410,50.7146,41.4328,65.3556,9666761,156827
wiki,50000,five AND NOT important,NOT,bm25,mmap-shards,5,8959,17.2936,17.0719,17.5153,17.2870,17.4420,17.0570,17.4910,57.8249,57.0930,58.5757,9587019,157361
wiki,50000,five AND NOT included,NOT,bm25,mmap-shards,5,7256,17.1848,16.7210,17.6486,17.0340,17.2140,16.9050,17.8190,58.1910,56.6617,59.8050,9827184,165547
wiki,50000,five AND NOT just,NOT,bm25,mmap-shards,5,8230,19.4810,16.0240,22.9380,19.4720,21.8710,16.6710,22.6380,51.3321,43.5957,62.4065,9488432,157234
wiki,50000,five AND NOT less,NOT,bm25,mmap-shards,5,8943,17.1038,16.8646,17.3430,17.1590,17.1910,16.7680,17.2570,58.4665,57.6601,59.2958,9572160,159322
wiki,50000,five AND NOT making,NOT,bm25,mmap-shards,5,8267,16.7918,16.5764,17.0072,16.7560,16.9380,16.5620,16.9890,59.5529,58.7987,60.3267,9447496,156421
wiki,50000,five AND NOT named,NOT,bm25,mmap-shards,5,6955,19.4888,15.6909,23.2867,18.3150,18.8600,17.4690,24.8840,51.3115,42.9430,63.7311,10079560,183477
wiki,50000,five AND NOT near,NOT,bm25,mmap-shards,5,8196,17.9634,17.4676,18.4592,18.0750,18.2380,17.3730,18.3660,55.6687,54.1736,57.2487,9841688,165261
wiki,50000,five AND NOT north,NOT,bm25,mmap-shards,5,7072,19.9332,19.0863,20.7801,20.1610,20.3450,18.7370,20.3760,50.1676,48.1230,52.3936,11261864,183430
wiki,50000,five AND NOT original,NOT,bm25,mmap-shards,5,8441,17.7690,15.0150,20.5230,16.6430,17.4770,16.5160,21.6730,56.2778,48.7258,66.6002,9733864,159856
wiki,50000,five AND NOT point,NOT,bm25,mmap-shards,5,8373,16.9056,16.8069,17.0043,16.9100,16.9140,16.8250,17.0300,59.1520,58.8088,59.4993,9873536,162355
wiki,50000,five AND NOT power,NOT,bm25,mmap-shards,5,8947,17.7684,17.1242,18.4126,17.7820,18.0900,17.1170,18.4260,56.2797,54.3107,58.3968,9843624,155236
wiki,50000,five AND NOT present,NOT,bm25,mmap-shards,5,7848,20.3530,14.6159,26.0901,18.3800,18.9130,17.7190,28.5840,49.1328,38.3287,68.4187,9995680,171366
wiki,50000,five AND NOT public,NOT,bm25,mmap-shards,5,7424,19.0874,18.6012,19.5736,19.1230,19.3550,18.5050,19.5120,52.3906,51.0892,53.7600,10328560,168278
wiki,50000,five AND NOT published,NOT,bm25,mmap-shards,5,9283,19.8588,15.3449,24.3727,18.3730,18.5030,17.8960,26.3500,50.3555,41.0296,65.1680,10051262,152823
wiki,50000,five AND NOT rather,NOT,bm25,mmap-shards,5,9545,18.0166,16.7025,19.3307,17.9170,18.4130,16.9050,19.5960,55.5044,51.7312,59.8713,9659184,149731
wiki,50000,five AND NOT related,NOT,bm25,mmap-shards,5,10032,17.2470,16.2165,18.2775,17.0910,17.1170,16.4840,18.6610,57.9811,54.7121,61.6656,9595472,148158
wiki,50000,five AND NOT result,NOT,bm25,mmap-shards,5,8675,18.4716,14.8212,22.1220,17.1460,18.1840,16.4210,23.6070,54.1372,45.2040,67.4707,9488923,156429
wiki,50000,five AND NOT series,NOT,bm25,mmap-shards,5,8244,18.5308,18.2536,18.8080,18.5200,18.6190,18.2810,18.8560,53.9642,53.1689,54.7837,10528872,163459
wiki,50000,five AND NOT short,NOT,bm25,mmap-shards,5,9136,17.2718,15.1383,19.4053,16.4070,16.8800,16.3730,20.3220,57.8978,51.5323,66.0577,9799040,151704
wiki,50000,five AND NOT single,NOT,bm25,mmap-shards,5,8839,19.5708,15.3997,23.7419,18.5000,21.1970,16.7140,24.6300,51.0965,42.1196,64.9363,9637891,156734
wiki,50000,five AND NOT sometimes,NOT,bm25,mmap-shards,5,10153,17.4736,15.1507,19.7965,16.6750,16.7250,16.5210,20.8180,57.2292,50.5140,66.0035,9693003,150310
wiki,50000,five AND NOT south,NOT,bm25,mmap-shards,5,7350,20.0512,19.7679,20.3345,19.9830,20.1410,19.8100,20.3990,49.8723,49.1775,50.5871,11312376,181181
wiki,50000,five AND NOT style,NOT,bm25,mmap-shards,5,7863,22.6264,21.5863,23.6665,22.2640,22.3160,22.1660,24.1220,44.1962,42.2538,46.3257,15971224,172357
wiki,50000,five AND NOT third,NOT,bm25,mmap-shards,5,7642,16.6604,16.5183,16.8025,16.6480,16.7310,16.5220,16.8120,60.0226,59.5151,60.5388,9697056,160882
wiki,50000,five AND NOT thus,NOT,bm25,mmap-shards,5,9799,19.7964,13.3661,26.2267,17.5550,17.8750,16.9790,29.0440,50.5142,38.1291,74.8160,9725840,151385
wiki,50000,five AND NOT title,NOT,bm25,mmap-shards,5,8042,17.8282,17.5102,18.1462,17.6830,18.0070,17.6180,18.1900,56.0909,55.1080,57.1095,10130008,164908
wiki,50000,rights AND NOT copyright,NOT,bm25,mmap-shards,5,7488,8.6964,8.5717,8.8211,8.6870,8.7110,8.6080,8.8580,114.9901,113.3642,116.6634,6036267,45448
wiki,50000,science AND NOT computer,NOT,bm25,mmap-shards,5,6341,12.2654,9.8381,14.6927,11.1850,12.2980,11.0850,15.6430,81.5302,68.0610,101.6456,6921336,75840
wiki,50000,women AND NOT men,NOT,bm25,mmap-shards,5,3796,12.7044,12.5674,12.8414,12.6710,12.7570,12.5920,12.8690,78.7129,77.8732,79.5709,7591008,106297
wiki,50000,five OR area,OR,bm25,mmap-shards,5,26887,31.5830,29.5035,33.6625,30.8640,31.3500,30.5770,34.5270,31.6626,29.7067,33.8942,18141267,260426
wiki,50000,five OR back,OR,bm25,mmap-shards,5,23879,25.9846,25.3653,26.6039,26.3280,26.3360,25.2680,26.3420,38.4843,37.5885,39.4239,15768616,239439
wiki,50000,five OR book,OR,bm25,mmap-shards,5,23540,28.1650,24.3419,31.9881,27.1610,27.1820,26.2180,33.6270,35.5051,31.2616,41.0814,15719360,224636
wiki,50000,five OR caption,OR,bm25,mmap-shards,5,25992,25.2282,24.3249,26.1315,24.9600,24.9830,24.7950,26.5230,39.6382,38.2680,41.1101,15614976,251642
wiki,50000,five OR central,OR,bm25,mmap-shards,5,24612,31.6606,26.6940,36.6272,30.0460,35.6890,27.9710,36.2200,31.5850,27.3021,37.4616,15965424,238013
wiki,50000,five OR city,OR,bm25,mmap-shards,5,28286,42.0404,35.0941,48.9867,38.8700,44.4950,37.5510,50.7850,23.7866,20.4137,28.4948,20207608,283224
wiki,50000,five OR country,OR,bm25,mmap-shards,5,24378,33.3200,26.4719,40.1681,32.3650,36.3200,28.1700,41.2150,30.0120,24.8954,37.7758,16412112,242811
wiki,50000,five OR created,OR,bm25,mmap-shards,5,23788,28.0270,23.2323,32.8217,26.4010,26.5350,25.8770,34.9210,35.6799,30.4677,43.0435,15447176,232841
wiki,50000,five OR death,OR,bm25,mmap-shards,5,24481,28.9732,28.1066,29.8398,28.7200,29.4850,28.2170,29.9030,34.5147,33.5123,35.5789,16297624,239215
wiki,50000,five OR described,OR,bm25,mmap-shards,5,23008,26.6146,23.3536,29.8756,25.4830,25.5220,25.2990,31.3110,37.5734,33.4721,42.8200,13797441,219068
wiki,50000,five OR developed,OR,bm25,mmap-shards,5,23182,26.5638,26.1333,26.9943,26.5570,26.8260,26.0090,26.8860,37.6452,37.0449,38.2653,13953835,221349
wiki,50000,five OR development,OR,bm25,mmap-shards,5,23067,27.1698,26.0964,28.2432,26.8320,26.9730,26.6650,28.7000,36.8056,35.4068,38.3194,14135080,220355
wiki,50000,five OR down,OR,bm25,mmap-shards,5,23102,27.9806,26.8543,29.1069,27.5510,27.8340,27.4510,29.5810,35.7390,34.3561,37.2380,14198744,228269
wiki,50000,five OR either,OR,bm25,mmap-shards,5,23362,27.0252,26.3773,27.6731,26.7520,27.5000,26.4990,27.6670,37.0025,36.1362,37.9114,14922544,220050
wiki,50000,five OR established,OR,bm25,mmap-shards,5,26316,37.2084,29.5268,44.8900,35.7350,37.1540,31.9980,47.6880,26.8757,22.2767,33.8675,16792622,260500
wiki,50000,five OR family,OR,bm25,mmap-shards,5,25693,28.9836,28.0447,29.9225,28.6450,28.7610,28.5550,30.3300,34.5023,33.4197,35.6574,16383104,250744
wiki,50000,five OR former,OR,bm25,mmap-shards,5,23987,30.0586,24.5998,35.5174,27.7340,29.7530,27.3940,37.7420,33.2683,28.1552,40.6508,15968152,239596
wiki,50000,five OR further,OR,bm25,mmap-shards,5,23238,26.0708,25.5494,26.5922,25.9050,26.3800,25.6770,26.6410,38.3571,37.6050,39.1399,14145424,229369
wiki,50000,five OR held,OR,bm25,mmap-shards,5,22546,27.6536,23.5785,31.7287,26.2490,26.3400,25.9890,33.5210,36.1617,31.5172,42.4116,14344352,227150
wiki,50000,five OR important,OR,bm25,mmap-shards,5,23710,26.9688,26.1084,27.8292,27.3770,27.4490,26.1860,27.5890,37.0799,35.9334,38.3019,15357403,226999
wiki,50000,five OR included,OR,bm25,mmap-shards,5,23644,27.8924,25.0301,30.7547,26.8290,27.0080,26.7940,32.0140,35.8521,32.5153,39.9520,15768832,240184
wiki,50000,five OR just,OR,bm25,mmap-shards,5,22996,27.4480,23.7587,31.1373,26.4360,27.7080,25.2450,32.4620,36.4325,32.1158,42.0898,14092952,227642
wiki,50000,five OR less,OR,bm25,mmap-shards,5,24111,28.6262,25.6969,31.5555,28.1990,29.3380,26.1490,32.2760,34.9330,31.6902,38.9152,15343768,229804
wiki,50000,five OR making,OR,bm25,mmap-shards,5,22877,30.2514,22.1405,38.3623,27.0150,31.1880,25.6190,41.2640,33.0563,26.0673,45.1661,14031952,226470
wiki,50000,five OR named,OR,bm25,mmap-shards,5,26894,31.2946,29.6661,32.9231,31.6920,31.7990,29.3420,32.8460,31.9544,30.3739,33.7085,16555576,265498
wiki,50000,five OR near,OR,bm25,mmap-shards,5,24490,28.0712,23.3254,32.8170,26.4500,26.7610,26.0230,34.8920,35.6237,30.4720,42.8717,15734456,238714
wiki,50000,five OR north,OR,bm25,mmap-shards,5,26617,30.6314,30.3308,30.9320,30.5040,30.8010,30.4280,30.9720,32.6462,32.3289,32.9698,17638072,264511
wiki,50000,five OR original,OR,bm25,mmap-shards,5,23642,26.2516,25.0508,27.4524,25.7750,27.1030,25.4480,27.4790,38.0929,36.4267,39.9188,15584104,230904
wiki,50000,five OR point,OR,bm25,mmap-shards,5,24040,28.3576,23.0010,33.7142,26.3320,26.9180,26.1720,36.0590,35.2639,29.6611,43.4764,15741043,234387
wiki,50000,five OR power,OR,bm25,mmap-shards,5,23075,26.3640,26.1895,26.5385,26.3270,26.4960,26.1680,26.5060,37.9305,37.6811,38.1833,14542304,223601
wiki,50000,five OR present,OR,bm25,mmap-shards,5,25396,27.8500,25.7081,29.9919,27.2530,27.3960,26.6910,30.8990,35.9066,33.3424,38.8982,15939819,247702
wiki,50000,five OR public,OR,bm25,mmap-shards,5,24120,27.5652,27.4645,27.6659,27.5580,27.5700,27.4800,27.6960,36.2776,36.1456,36.4106,16422000,243335
wiki,50000,five OR published,OR,bm25,mmap-shards,5,23009,27.3256,21.2971,33.3541,25.2010,25.3860,24.8740,36.0060,36.5957,29.9813,46.9547,14187921,220057
wiki,50000,five OR rather,OR,bm25,mmap-shards,5,22815,23.7888,23.6412,23.9364,23.8070,23.8260,23.6620,23.9590,42.0366,41.7774,42.2990,13657776,215803
wiki,50000,five OR related,OR,bm25,mmap-shards,5,22985,24.8594,21.7789,27.9399,23.9050,24.2390,23.3220,29.2550,40.2262,35.7911,45.9159,13543376,213063
wiki,50000,five OR result,OR,bm25,mmap-shards,5,23271,24.9514,24.4732,25.4296,24.7950,25.1360,24.6370,25.5390,40.0779,39.3242,40.8610,14058616,226030
wiki,50000,five OR series,OR,bm25,mmap-shards,5,23932,28.6320,26.0202,31.2438,27.6890,27.7790,27.6140,32.3940,34.9260,32.0063,38.4317,16683880,235626
wiki,50000,five OR short,OR,bm25,mmap-shards,5,22746,24.3072,24.1707,24.4437,24.3170,24.3850,24.1260,24.4040,41.1401,40.9103,41.3724,13863544,218835
wiki,50000,five OR single,OR,bm25,mmap-shards,5,23424,25.2902,25.1568,25.4236,25.2920,25.3860,25.1590,25.4050,39.5410,39.3336,39.7506,15435432,226142
wiki,50000,five OR sometimes,OR,bm25,mmap-shards,5,23529,25.5634,21.8040,29.3228,24.3380,24.3860,23.8660,30.9680,39.1184,34.1031,45.8632,14851190,216017
wiki,50000,five OR south,OR,bm25,mmap-shards,5,26411,30.8208,30.4676,31.1740,30.7160,31.0320,30.4700,31.1830,32.4456,32.0780,32.8217,17687712,261012
wiki,50000,five OR style,OR,bm25,mmap-shards,5,24086,33.6700,31.1726,36.1674,32.5850,33.9740,32.2850,37.0610,29.7000,27.6492,32.0795,23545872,245966
wiki,50000,five OR third,OR,bm25,mmap-shards,5,23076,26.4510,23.7349,29.1671,25.5250,25.5380,25.3760,30.3630,37.8058,34.2852,42.1321,14404648,233206
wiki,50000,five OR thus,OR,bm25,mmap-shards,5,23391,25.2832,25.0577,25.5087,25.3390,25.4090,25.0180,25.4650,39.5520,39.2023,39.9079,14906312,217860
wiki,50000,five OR title,OR,bm25,mmap-shards,5,24168,29.5484,24.5057,34.5911,27.7710,27.8160,27.5960,36.8130,33.8428,28.9092,40.8068,16161484,238228
wiki,50000,rights OR equality,OR,bm25,mmap-shards,5,8524,10.6250,10.4133,10.8367,10.6570,10.7450,10.4150,10.8200,94.1176,92.2790,96.0311,6618544,67342
wiki,50000,scientist OR scientists,OR,bm25,mmap-shards,5,5296,7.5452,7.4219,7.6685,7.5610,7.6260,7.4120,7.6480,132.5346,130.4032,134.7368,5045931,46325
wiki,50000,suffrage OR vote,OR,bm25,mmap-shards,5,4735,7.4062,7.0244,7.7880,7.5460,7.5500,6.9710,7.7440,135.0220,128.4020,142.3617,4930744,37315
wiki,50000,women OR female,OR,bm25,mmap-shards,5,15316,19.6144,16.3859,22.8429,18.4240,18.8820,18.1250,24.2410,50.9830,43.7772,61.0282,10970288,139854
wiki,50000,women OR feminism,OR,bm25,mmap-shards,5,9504,11.4850,11.2888,11.6812,11.4810,11.5930,11.2390,11.6500,87.0701,85.6073,88.5837,7356752,70511
wiki,50000,"""17th century""",PHRASE,bm25,mmap-shards,5,3335,17.7204,17.4066,18.0342,17.6930,17.9410,17.3650,17.9840,56.4321,55.4503,57.4493,10059352,150118
wiki,50000,"""18th century""",PHRASE,bm25,mmap-shards,5,4204,19.9314,17.2960,22.5668,18.6890,20.5720,18.4360,23.3920,50.1721,44.3130,57.8167,10555635,156607
wiki,50000,"""19th century""",PHRASE,bm25,mmap-shards,5,8375,22.5200,22.3485,22.6915,22.5130,22.5870,22.3510,22.7110,44.4050,44.0694,44.7457,12251120,185298
wiki,50000,"""20th century""",PHRASE,bm25,mmap-shards,5,10708,27.4228,20.5646,34.2810,25.1900,25.3140,24.5860,37.2900,36.4660,29.1707,48.6273,13249921,201372
wiki,50000,"""21st century""",PHRASE,bm25,mmap-shards,5,4024,17.7348,17.6274,17.8422,17.7180,17.7690,17.6430,17.8650,56.3863,56.0469,56.7299,10020843,152273
wiki,50000,"""ada lovelace""",PHRASE,bm25,mmap-shards,5,36,3.1942,2.9516,3.4368,3.1500,3.2790,2.9340,3.4650,313.0674,290.9646,338.8044,3045632,3016
wiki,50000,"""align center""",PHRASE,bm25,mmap-shards,5,6527,31.4540,28.4572,34.4508,30.4730,30.5780,30.0740,35.7590,31.7925,29.0269,35.1405,23450600,166756
wiki,50000,"""birth date""",PHRASE,bm25,mmap-shards,5,6376,17.0940,16.3254,17.8626,16.9770,17.0310,16.6240,18.1550,58.5001,55.9829,61.2543,10011312,169486
wiki,50000,"""birth name""",PHRASE,bm25,mmap-shards,5,3683,22.0010,15.4378,28.5642,19.6750,20.2590,19.0290,31.4260,45.4525,35.0088,64.7763,11746824,218819
wiki,50000,"""birth place""",PHRASE,bm25,mmap-shards,5,6188,17.1558,16.9366,17.3750,17.1890,17.2210,16.9090,17.3840,58.2893,57.5539,59.0437,10153928,174978
wiki,50000,"""births category""",PHRASE,bm25,mmap-shards,5,6761,28.1338,23.2217,33.0459,26.4890,27.1170,25.4550,35.1310,35.5444,30.2610,43.0631,19654739,274633
wiki,50000,"""category people""",PHRASE,bm25,mmap-shards,5,4788,37.5146,33.0113,42.0179,35.9980,36.1130,35.6150,43.9950,26.6563,23.7994,30.2927,25276883,367705
wiki,50000,"""class wikitable""",PHRASE,bm25,mmap-shards,5,11967,20.6514,20.4987,20.8041,20.6170,20.6720,20.5400,20.8530,48.4229,48.0675,48.7835,12167840,179617
wiki,50000,"""date birth""",PHRASE,bm25,mmap-shards,5,5025,15.9626,13.9597,17.9655,15.3940,15.4500,15.0050,18.8300,62.6464,55.6622,71.6349,9591320,166796
wiki,50000,"""date death""",PHRASE,bm25,mmap-shards,5,4433,17.9954,17.7447,18.2461,17.9450,18.1610,17.7340,18.2330,55.5698,54.8063,56.3548,10954616,195915
wiki,50000,"""death date""",PHRASE,bm25,mmap-shards,5,5473,18.7240,18.5437,18.9043,18.7940,18.8220,18.4830,18.8280,53.4074,52.8980,53.9266,11560408,197982
wiki,50000,"""death place""",PHRASE,bm25,mmap-shards,5,5300,19.4484,19.2878,19.6090,19.4620,19.5460,19.2490,19.5750,51.4181,50.9969,51.8464,11409939,203504
wiki,50000,"""deaths category""",PHRASE,bm25,mmap-shards,5,5535,27.8510,23.1955,32.5065,26.2150,26.4690,25.9290,34.5500,35.9054,30.7630,43.1119,19549600,276349
wiki,50000,"""each other""",PHRASE,bm25,mmap-shards,5,5956,33.2086,32.9245,33.4927,33.2980,33.3070,32.9570,33.4920,30.1127,29.8572,30.3725,17541200,304796
wiki,50000,"""even though""",PHRASE,bm25,mmap-shards,5,3589,16.9400,14.4972,19.3828,16.0240,16.5060,15.7800,20.4270,59.0319,51.5922,68.9787,9427598,177253
wiki,50000,"""female scientists""",PHRASE,bm25,mmap-shards,5,7,6.8770,6.7147,7.0393,6.8660,7.0000,6.7410,7.0200,145.4122,142.0598,148.9268,5081640,65719
wiki,50000,"""feminist movement""",PHRASE,bm25,mmap-shards,5,79,6.8652,5.6996,8.0308,6.3250,7.0430,6.2100,8.4360,145.6622,124.5204,175.4514,4735451,50248
wiki,50000,"""first time""",PHRASE,bm25,mmap-shards,5,5943,44.3780,41.6345,47.1215,43.6430,45.5410,42.4030,47.6560,22.5337,21.2217,24.0186,22856051,358861
wiki,50000,"""many other""",PHRASE,bm25,mmap-shards,5,3954,37.7624,35.1905,40.3343,36.7920,37.1260,36.7000,41.4560,26.4814,24.7928,28.4168,19054755,340426
wiki,50000,"""marie curie""",PHRASE,bm25,mmap-shards,5,87,3.7436,3.6843,3.8029,3.7430,3.7540,3.6720,3.8060,267.1226,262.9566,271.4226,3417720,14489
wiki,50000,"""most common""",PHRASE,bm25,mmap-shards,5,3438,25.8290,25.4043,26.2537,26.0140,26.0360,25.3470,26.1520,38.7162,38.0899,39.3633,13952288,251819
wiki,50000,"""most important""",PHRASE,bm25,mmap-shards,5,4512,25.9196,24.0157,27.8235,25.4870,25.5880,24.7950,28.6050,38.5808,35.9408,41.6395,13971483,241937
wiki,50000,"""nbsp million""",PHRASE,bm25,mmap-shards,5,3213,20.7052,20.4335,20.9769,20.7540,20.7890,20.4210,20.9930,48.2970,47.6715,48.9392,12654968,163587
wiki,50000,"""north america""",PHRASE,bm25,mmap-shards,5,4334,18.6480,16.0794,21.2166,17.7560,17.8550,17.5840,22.3450,53.6251,47.1329,62.1914,10451382,165015
wiki,50000,"""other hand""",PHRASE,bm25,mmap-shards,5,3010,25.8638,25.6345,26.0931,25.8350,25.9530,25.6950,26.1340,38.6641,38.3243,39.0099,14323800,241264
wiki,50000,"""prime minister""",PHRASE,bm25,mmap-shards,5,3808,10.8936,10.8122,10.9750,10.8840,10.9240,10.8150,10.9870,91.7970,91.1164,92.4879,6755640,70215
wiki,50000,"""right thumb""",PHRASE,bm25,mmap-shards,5,4057,35.9046,34.0857,37.7235,35.2020,35.8150,35.0060,38.4600,27.8516,26.5086,29.3379,21395064,307372
wiki,50000,"""same time""",PHRASE,bm25,mmap-shards,5,5328,30.0506,27.2171,32.8841,29.1790,29.3510,28.6270,34.1050,33.2772,30.4099,36.7416,15715507,290391
wiki,50000,"""same year""",PHRASE,bm25,mmap-shards,5,4271,25.6416,25.3755,25.9077,25.6920,25.7840,25.3230,25.8650,38.9991,38.5986,39.4081,14050920,261498
wiki,50000,"""style text""",PHRASE,bm25,mmap-shards,5,5498,30.8728,27.6996,34.0460,30.0140,30.1260,29.0640,35.3850,32.3910,29.3721,36.1016,22863667,168920
wiki,50000,"""text align""",PHRASE,bm25,mmap-shards,5,6129,32.1018,24.7796,39.4240,29.5500,30.5840,28.8440,42.5800,31.1509,25.3652,40.3559,22670032,145213
wiki,50000,"""thumb left""",PHRASE,bm25,mmap-shards,5,8589,40.2278,33.6119,46.8437,37.3120,40.1030,36.9870,49.4860,24.8584,21.3476,29.7513,20201520,300908
wiki,50000,"""thumb right""",PHRASE,bm25,mmap-shards,5,12139,42.5394,38.5741,46.5047,41.1230,41.4200,40.9430,48.2430,23.5076,21.5032,25.9241,25440936,323117
wiki,50000,"""thumb upright""",PHRASE,bm25,mmap-shards,5,10017,32.4564,32.0904,32.8224,32.3590,32.5840,32.2000,32.9090,30.8106,30.4670,31.1619,17627968,255434
wiki,50000,"""took place""",PHRASE,bm25,mmap-shards,5,4765,19.4656,16.1812,22.7500,18.2070,18.6650,18.0690,24.1810,51.3727,43.9560,61.8003,10318435,191423
wiki,50000,"""united kingdom""",PHRASE,bm25,mmap-shards,5,7179,24.0096,23.8415,24.1777,23.9620,24.1280,23.8540,24.1730,41.6500,41.3604,41.9437,13775392,202738
wiki,50000,"""united nations""",PHRASE,bm25,mmap-shards,5,2858,20.5802,15.8880,25.2724,18.8120,19.2800,18.6990,27.3290,48.5904,39.5689,62.9404,11005171,163063
wiki,50000,"""united states""",PHRASE,bm25,mmap-shards,5,20844,42.0558,38.4180,45.6936,40.6880,41.0670,40.6010,47.2870,23.7779,21.8849,26.0295,22168352,303765
wiki,50000,"""university press""",PHRASE,bm25,mmap-shards,5,5017,18.5420,18.1593,18.9247,18.5720,18.7470,18.0570,18.8550,53.9316,52.8410,55.0682,10822176,156528
wiki,50000,"""voting rights""",PHRASE,bm25,mmap-shards,5,341,6.8462,6.6918,7.0006,6.8140,6.9300,6.6950,7.0100,146.0664,142.8448,149.4367,4953656,52593
wiki,50000,"""well known""",PHRASE,bm25,mmap-shards,5,4363,28.0050,25.0258,30.9842,27.0170,27.1450,26.7810,32.2890,35.7079,32.2745,39.9588,14726091,291396
wiki,50000,"""wikitable sortable""",PHRASE,bm25,mmap-shards,5,4497,11.0176,10.9041,11.1311,11.0350,11.0760,10.9150,11.1280,90.7639,89.8386,91.7084,6914392,94897
wiki,50000,"""women rights""",PHRASE,bm25,mmap-shards,5,2,9.6924,9.5988,9.7860,9.7220,9.7250,9.5630,9.7560,103.1736,102.1867,104.1798,6443840,89111
wiki,50000,"""years later""",PHRASE,bm25,mmap-shards,5,5037,29.9664,27.1820,32.7508,29.3900,29.4040,28.0030,33.8420,33.3707,30.5336,36.7891,15843160,290208
wiki,50000,"""york city""",PHRASE,bm25,mmap-shards,5,4367,23.5688,23.2128,23.9248,23.5280,23.6550,23.2800,24.0120,42.4290,41.7977,43.0796,13495912,190892
wiki,50000,back,TERM,bm25,mmap-shards,5,16309,12.4584,12.2695,12.6473,12.4680,12.5410,12.2210,12.6280,80.2671,79.0681,81.5031,5667504,82770
wiki,50000,book,TERM,bm25,mmap-shards,5,14315,13.7574,9.1738,18.3410,12.1520,12.5010,11.7650,20.3450,72.6882,54.5226,109.0064,5684675,73564
wiki,50000,caption,TERM,bm25,mmap-shards,5,18149,10.6398,10.4010,10.8786,10.6870,10.7620,10.3200,10.8080,93.9867,91.9233,96.1449,5579987,91556
wiki,50000,city,TERM,bm25,mmap-shards,5,21903,20.2310,20.1763,20.2857,20.2470,20.2580,20.1660,20.2760,49.4291,49.2958,49.5631,8927000,114190
wiki,50000,country,TERM,bm25,mmap-shards,5,16680,13.4580,13.2265,13.6895,13.3780,13.4320,13.3300,13.7850,74.3052,73.0489,75.6055,6162632,85526
wiki,50000,death,TERM,bm25,mmap-shards,5,16234,13.3968,12.9299,13.8637,13.2420,13.5090,13.0590,14.0010,74.6447,72.1307,77.3402,6114344,83333
wiki,50000,described,TERM,bm25,mmap-shards,5,13693,10.3892,10.1642,10.6142,10.4440,10.4650,10.1400,10.6120,96.2538,94.2137,98.3842,5130336,69409
wiki,50000,developed,TERM,bm25,mmap-shards,5,13982,10.8226,10.7332,10.9120,10.8410,10.8620,10.7210,10.9060,92.3992,91.6423,93.1688,5245363,70959
wiki,50000,development,TERM,bm25,mmap-shards,5,13791,11.1600,10.9135,11.4065,11.2050,11.2780,10.8670,11.3790,89.6057,87.6694,91.6295,5385328,70455
wiki,50000,down,TERM,bm25,mmap-shards,5,14843,12.7826,8.0082,17.5570,11.1830,11.2970,10.7410,19.6520,78.2313,56.9575,124.8714,5401672,75220
wiki,50000,education,TERM,bm25,mmap-shards,5,8771,7.8550,7.6744,8.0356,7.8980,7.9540,7.6570,8.0100,127.3074,124.4457,130.3039,4534056,44954
wiki,50000,either,TERM,bm25,mmap-shards,5,13872,10.1224,9.8213,10.4235,10.1210,10.1400,9.8880,10.5110,98.7908,95.9370,101.8196,5089323,70169
wiki,50000,equality,TERM,bm25,mmap-shards,5,1410,3.5632,3.2706,3.8558,3.5880,3.7330,3.2390,3.8270,280.6466,259.3515,305.7515,3163608,7527
wiki,50000,established,TERM,bm25,mmap-shards,5,19159,14.1962,13.8858,14.5066,14.3000,14.4110,13.8910,14.4130,70.4414,68.9341,72.0160,6450560,97680
wiki,50000,family,TERM,bm25,mmap-shards,5,17883,13.5722,13.2815,13.8629,13.6200,13.7050,13.3180,13.8660,73.6800,72.1349,75.2928,6161984,91125
wiki,50000,feminism,TERM,bm25,mmap-shards,5,325,4.6582,-0.0774,9.3938,2.9750,3.2440,2.7920,11.4740,214.6752,106.4536,0.0000,2994136,2016
wiki,50000,feminist,TERM,bm25,mmap-shards,5,975,3.3676,3.2901,3.4451,3.3420,3.4150,3.3000,3.4500,296.9474,290.2646,303.9451,3104440,5322
wiki,50000,five,TERM,bm25,mmap-shards,5,16355,12.5316,11.9944,13.0688,12.5150,12.8630,11.8950,12.9940,79.7983,76.5182,83.3722,5686264,82974
wiki,50000,former,TERM,bm25,mmap-shards,5,16297,12.4640,12.3789,12.5491,12.4730,12.4810,12.3910,12.5650,80.2311,79.6867,80.7829,5822952,83081
wiki,50000,further,TERM,bm25,mmap-shards,5,15012,10.9986,10.7744,11.2228,11.0130,11.0910,10.7050,11.1870,90.9207,89.1044,92.8125,5366960,75921
wiki,50000,important,TERM,bm25,mmap-shards,5,14751,12.0560,9.4098,14.7022,11.1630,11.1990,10.9010,15.8630,82.9463,68.0172,106.2717,5420168,74799
wiki,50000,included,TERM,bm25,mmap-shards,5,16388,13.3014,11.0269,15.5759,12.0540,14.3580,12.0180,16.0410,75.1801,64.2019,90.6871,5661475,83009
wiki,50000,just,TERM,bm25,mmap-shards,5,14766,11.0680,10.4271,11.7089,10.9470,11.0630,10.5100,11.9130,90.3506,85.4052,95.9038,5322544,74692
wiki,50000,less,TERM,bm25,mmap-shards,5,15168,11.3130,11.2303,11.3957,11.3460,11.3460,11.1950,11.3510,88.3939,87.7525,89.0447,5406355,76782
wiki,50000,making,TERM,bm25,mmap-shards,5,14610,10.9762,10.8553,11.0971,10.9980,11.0020,10.8750,11.1150,91.1062,90.1140,92.1205,5281896,73885
wiki,50000,named,TERM,bm25,mmap-shards,5,19939,16.9926,10.5457,23.4395,14.8050,14.9060,14.3010,26.2730,58.8491,42.6631,94.8252,6273451,100922
wiki,50000,north,TERM,bm25,mmap-shards,5,19545,16.7262,16.4036,17.0488,16.7410,16.8580,16.4540,17.0810,59.7864,58.6552,60.9622,7095976,100888
wiki,50000,original,TERM,bm25,mmap-shards,5,15201,12.3016,12.0878,12.5154,12.2810,12.3260,12.0930,12.5670,81.2902,79.9015,82.7281,5569595,77348
wiki,50000,point,TERM,bm25,mmap-shards,5,15667,12.5680,12.3262,12.8098,12.5060,12.7100,12.3140,12.8100,79.5672,78.0654,81.1279,5707539,79811
wiki,50000,power,TERM,bm25,mmap-shards,5,14128,12.6090,12.3336,12.8844,12.4870,12.8190,12.3810,12.8740,79.3084,77.6133,81.0792,5683432,72655
wiki,50000,present,TERM,bm25,mmap-shards,5,17548,15.9918,8.4552,23.5284,13.3490,14.2120,12.7910,26.8020,62.5320,42.5019,118.2698,5823126,88843
wiki,50000,public,TERM,bm25,mmap-shards,5,16696,13.8360,13.7015,13.9705,13.8400,13.9110,13.7060,13.9690,72.2752,71.5794,72.9847,6163235,85748
wiki,50000,published,TERM,bm25,mmap-shards,5,13726,11.6326,11.4354,11.8298,11.6140,11.6520,11.4380,11.8770,85.9653,84.5326,87.4474,5425083,70248
wiki,50000,rather,TERM,bm25,mmap-shards,5,13270,10.7052,10.3168,11.0936,10.8190,10.9770,10.2940,10.9780,93.4125,90.1424,96.9289,5032624,67148
wiki,50000,related,TERM,bm25,mmap-shards,5,12953,10.4348,9.8998,10.9698,10.2970,10.3020,10.1250,11.1950,95.8332,91.1594,101.0121,4968336,65563
wiki,50000,result,TERM,bm25,mmap-shards,5,14596,13.1934,7.9543,18.4325,11.3300,11.6020,11.0950,20.7350,75.7955,54.2519,125.7186,5321976,73865
wiki,50000,rights,TERM,bm25,mmap-shards,5,7921,7.9428,7.6958,8.1898,8.0150,8.0180,7.7090,8.1970,125.9002,122.1035,129.9406,4463608,40728
wiki,50000,scientist,TERM,bm25,mmap-shards,5,3068,4.4014,4.3390,4.4638,4.3860,4.4450,4.3440,4.4620,227.2004,224.0266,230.4655,3395504,15856
wiki,50000,scientists,TERM,bm25,mmap-shards,5,3295,4.6166,4.4899,4.7433,4.5690,4.6030,4.5530,4.7960,216.6096,210.8238,222.7220,3473816,17036
wiki,50000,series,TERM,bm25,mmap-shards,5,15688,14.4752,14.0150,14.9354,14.4720,14.7380,14.0220,14.9300,69.0837,66.9552,71.3519,6361448,80885
wiki,50000,short,TERM,bm25,mmap-shards,5,13610,10.8544,10.6129,11.0959,10.9170,10.9960,10.5690,11.0410,92.1285,90.1235,94.2249,5172672,69125
wiki,50000,single,TERM,bm25,mmap-shards,5,14585,15.0030,7.9705,22.0355,12.7540,12.7710,11.7360,25.1070,66.6533,45.3813,125.4628,5472480,74202
wiki,50000,sometimes,TERM,bm25,mmap-shards,5,13376,11.1848,10.6464,11.7232,11.1670,11.5740,10.5380,11.5910,89.4071,85.3011,93.9283,5068264,67765
wiki,50000,south,TERM,bm25,mmap-shards,5,19061,17.6096,16.6878,18.5314,17.7100,18.2140,16.7710,18.4240,56.7872,53.9626,59.9239,7145720,98623
wiki,50000,style,TERM,bm25,mmap-shards,5,16223,19.4386,19.0411,19.8361,19.4230,19.5880,19.0760,19.8920,51.4440,50.4132,52.5180,11802552,89757
wiki,50000,suffrage,TERM,bm25,mmap-shards,5,652,4.0064,3.4760,4.5368,3.9280,4.1980,3.5110,4.6270,249.6006,220.4174,287.6909,3049192,3710
wiki,50000,third,TERM,bm25,mmap-shards,5,15434,12.9082,12.6018,13.2146,12.7920,12.8640,12.7570,13.3440,77.4701,75.6738,79.3538,5531648,78350
wiki,50000,thus,TERM,bm25,mmap-shards,5,13592,10.6926,10.1659,11.2193,10.7270,10.9400,10.1800,11.2370,93.5226,89.1324,98.3677,5100912,68836
wiki,50000,vote,TERM,bm25,mmap-shards,5,4489,5.5294,5.3365,5.7223,5.6290,5.6390,5.3110,5.6500,180.8514,174.7545,187.3892,3776288,23263
wiki,50000,women,TERM,bm25,mmap-shards,5,9464,9.1320,8.8666,9.3974,9.1130,9.1850,8.8300,9.4280,109.5050,106.4127,112.7825,4913248,48969
wiki,50000,area,TFIDF_TOPK,bm25,mmap-shards,5,18813,18.3302,12.7693,23.8911,16.4520,16.6290,16.0040,26.3320,54.5548,41.8566,78.3126,7620779,99223
wiki,50000,back,TFIDF_TOPK,bm25,mmap-shards,5,16309,12.4068,12.3346,12.4790,12.4160,12.4330,12.3270,12.4810,80.6010,80.1346,81.0728,5667504,82770
wiki,50000,book,TFIDF_TOPK,bm25,mmap-shards,5,14315,12.0718,12.0043,12.1393,12.0860,12.1110,12.0130,12.1320,82.8377,82.3771,83.3034,5684678,73564
wiki,50000,caption,TFIDF_TOPK,bm25,mmap-shards,5,18149,10.7892,10.6706,10.9078,10.7890,10.8420,10.6430,10.8990,92.6853,91.6779,93.7151,5579990,91556
wiki,50000,central,TFIDF_TOPK,bm25,mmap-shards,5,16161,12.8482,11.8090,13.8874,12.4810,12.5780,12.3750,14.3400,77.8319,72.0079,84.6809,5849072,82499
wiki,50000,city,TFIDF_TOPK,bm25,mmap-shards,5,21903,21.6824,16.4553,26.9095,19.7420,20.0700,19.6780,29.2090,46.1204,37.1616,60.7707,8927000,114190
wiki,50000,country,TFIDF_TOPK,bm25,mmap-shards,5,16680,13.4828,13.1773,13.7883,13.4380,13.6380,13.2520,13.8220,74.1686,72.5250,75.8883,6162632,85526
wiki,50000,created,TFIDF_TOPK,bm25,mmap-shards,5,15499,11.4776,11.1742,11.7810,11.4800,11.7180,11.2130,11.7240,87.1262,84.8821,89.4922,5467864,78495
wiki,50000,death,TFIDF_TOPK,bm25,mmap-shards,5,16234,13.1510,12.2207,14.0813,13.1380,13.1840,12.2000,14.2900,76.0398,71.0161,81.8285,6114344,83333
wiki,50000,described,TFIDF_TOPK,bm25,mmap-shards,5,13693,11.9218,7.0592,16.7844,10.2370,10.2620,10.0810,18.9270,83.8800,59.5791,141.6595,5130336,69409
wiki,50000,developed,TFIDF_TOPK,bm25,mmap-shards,5,13982,10.8364,10.5433,11.1295,10.9330,10.9450,10.4170,10.9820,92.2816,89.8515,94.8468,5245363,70959
wiki,50000,development,TFIDF_TOPK,bm25,mmap-shards,5,13791,11.2386,10.9290,11.5482,11.0710,11.4720,11.0480,11.5480,88.9791,86.5939,91.4993,5385328,70455
wiki,50000,does,TFIDF_TOPK,bm25,mmap-shards,5,12798,10.4590,9.5685,11.3495,10.0150,10.7660,9.9610,11.5880,95.6114,88.1096,104.5096,5006507,64884
wiki,50000,down,TFIDF_TOPK,bm25,mmap-shards,5,14843,11.0760,10.8386,11.3134,11.1020,11.1860,10.8370,11.3160,90.2853,88.3908,92.2628,5401672,75220
wiki,50000,either,TFIDF_TOPK,bm25,mmap-shards,5,13872,12.6876,5.7312,19.6440,10.2120,10.3340,9.9990,22.7090,78.8171,50.9060,174.4849,5089326,70169
wiki,50000,established,TFIDF_TOPK,bm25,mmap-shards,5,19159,14.3100,14.0209,14.5991,14.2780,14.4560,14.0880,14.6280,69.8812,68.4976,71.3219,6450560,97680
wiki,50000,family,TFIDF_TOPK,bm25,mmap-shards,5,17883,13.5982,13.3412,13.8552,13.5730,13.6760,13.3310,13.8930,73.5391,72.1751,74.9558,6161984,91125
wiki,50000,feminism AND women,TFIDF_TOPK,bm25,mmap-shards,5,285,6.8800,6.7441,7.0159,6.9210,6.9670,6.7560,6.9860,145.3488,142.5325,148.2787,5064928,51135
wiki,50000,five,TFIDF_TOPK,bm25,mmap-shards,5,16355,12.2676,12.0671,12.4681,12.2010,12.2730,12.1370,12.5430,81.5155,80.2045,82.8701,5686264,82974
wiki,50000,former,TFIDF_TOPK,bm25,mmap-shards,5,16297,14.3740,8.8923,19.8557,12.5960,12.6780,11.8500,22.2510,69.5701,50.3634,112.4565,5822952,83081
wiki,50000,further,TFIDF_TOPK,bm25,mmap-shards,5,15012,11.1430,10.6856,11.6004,11.2330,11.4160,10.5390,11.4460,89.7424,86.2036,93.5843,5366960,75921
wiki,50000,held,TFIDF_TOPK,bm25,mmap-shards,5,14603,11.5468,11.4306,11.6630,11.5200,11.5660,11.4510,11.6970,86.6041,85.7416,87.4841,5500784,74285
wiki,50000,important,TFIDF_TOPK,bm25,mmap-shards,5,14751,11.2054,10.9237,11.4871,11.0860,11.2610,11.0280,11.5790,89.2427,87.0543,91.5439,5420168,74799
wiki,50000,included,TFIDF_TOPK,bm25,mmap-shards,5,16388,12.2354,12.1428,12.3280,12.2550,12.2880,12.1320,12.3140,81.7301,81.1160,82.3535,5661475,83009
wiki,50000,just,TFIDF_TOPK,bm25,mmap-shards,5,14766,11.9250,8.2393,15.6107,10.8020,10.8960,9.9940,17.1970,83.8574,64.0585,121.3700,5322550,74692
wiki,50000,less,TFIDF_TOPK,bm25,mmap-shards,5,15168,10.9124,10.7185,11.1063,10.8830,10.9080,10.7600,11.1730,91.6389,90.0391,93.2965,5406355,76782
wiki,50000,making,TFIDF_TOPK,bm25,mmap-shards,5,14610,10.6832,10.3589,11.0075,10.7280,10.7520,10.2530,10.9660,93.6049,90.8472,96.5352,5281896,73885
wiki,50000,named,TFIDF_TOPK,bm25,mmap-shards,5,19939,13.8502,13.7240,13.9764,13.8190,13.9460,13.7480,13.9690,72.2011,71.5494,72.8648,6273448,100922
wiki,50000,near,TFIDF_TOPK,bm25,mmap-shards,5,16294,12.1486,11.9813,12.3159,12.1300,12.2290,12.0040,12.3340,82.3140,81.1960,83.4632,5676088,82725
wiki,50000,north,TFIDF_TOPK,bm25,mmap-shards,5,19545,19.1902,10.0368,28.3436,15.9150,15.9820,15.8130,32.3790,52.1099,35.2814,99.6329,7095976,100888
wiki,50000,original,TFIDF_TOPK,bm25,mmap-shards,5,15201,11.8328,11.6810,11.9846,11.7880,11.8230,11.7340,12.0440,84.5109,83.4404,85.6092,5569595,77348
wiki,50000,point,TFIDF_TOPK,bm25,mmap-shards,5,15667,12.0324,11.8148,12.2500,12.0440,12.1850,11.8340,12.2220,83.1089,81.6327,84.6396,5707539,79811
wiki,50000,power,TFIDF_TOPK,bm25,mmap-shards,5,14128,11.9582,11.8174,12.0990,11.9820,12.0290,11.8100,12.0910,83.6246,82.6515,84.6210,5675816,72654
wiki,50000,present,TFIDF_TOPK,bm25,mmap-shards,5,17548,12.4926,12.3564,12.6288,12.5010,12.5950,12.3530,12.6010,80.0474,79.1842,80.9296,5823123,88843
wiki,50000,public,TFIDF_TOPK,bm25,mmap-shards,5,16696,13.7152,13.3221,14.1083,13.6860,13.7300,13.4130,14.2330,72.9118,70.8804,75.0631,6163235,85748
wiki,50000,published,TFIDF_TOPK,bm25,mmap-shards,5,13726,11.3634,11.2111,11.5157,11.3990,11.4040,11.2250,11.5290,88.0018,86.8381,89.1972,5425083,70248
wiki,50000,rather,TFIDF_TOPK,bm25,mmap-shards,5,13270,10.3430,9.9535,10.7325,10.3180,10.3610,9.9360,10.8160,96.6837,93.1746,100.4675,5032624,67148
wiki,50000,related,TFIDF_TOPK,bm25,mmap-shards,5,12953,9.7762,9.5015,10.0509,9.7590,9.9170,9.5560,10.0720,102.2892,99.4940,105.2461,4968336,65563
wiki,50000,result,TFIDF_TOPK,bm25,mmap-shards,5,14596,11.4512,11.1349,11.7675,11.3130,11.7130,11.2160,11.7420,87.3271,84.9799,89.8076,5321976,73865
wiki,50000,series,TFIDF_TOPK,bm25,mmap-shards,5,15688,18.0590,9.4573,26.6607,14.9000,16.0430,14.4120,30.4000,55.3741,37.5083,105.7389,6361448,80885
wiki,50000,short,TFIDF_TOPK,bm25,mmap-shards,5,13610,11.3706,11.0424,11.6988,11.3490,11.4390,11.0120,11.7470,87.9461,85.4787,90.5602,5172672,69125
wiki,50000,single,TFIDF_TOPK,bm25,mmap-shards,5,14585,12.1264,11.7194,12.5334,12.2110,12.3910,11.6760,12.4460,82.4647,79.7869,85.3285,5472480,74202
wiki,50000,sometimes,TFIDF_TOPK,bm25,mmap-shards,5,13376,10.8614,10.5472,11.1756,10.9650,11.0350,10.4630,11.0790,92.0692,89.4806,94.8120,5068264,67765
wiki,50000,south,TFIDF_TOPK,bm25,mmap-shards,5,19061,20.2754,11.0296,29.5212,17.2020,17.4990,16.4820,33.5770,49.3209,33.8740,90.6651,7145742,98623
wiki,50000,style,TFIDF_TOPK,bm25,mmap-shards,5,16223,18.6940,18.1698,19.2182,18.9660,18.9660,18.0090,18.9720,53.4931,52.0339,55.0365,11802552,89757
wiki,50000,third,TFIDF_TOPK,bm25,mmap-shards,5,15434,12.6352,12.1028,13.1676,12.6400,12.6860,12.1460,13.2990,79.1440,75.9442,82.6253,5531648,78350
wiki,50000,thus,TFIDF_TOPK,bm25,mmap-shards,5,13592,11.9646,11.2928,12.6364,12.1280,12.1510,11.1550,12.6120,83.5799,79.1366,88.5518,5100912,68836
wiki,50000,title,TFIDF_TOPK,bm25,mmap-shards,5,16126,15.4282,11.5666,19.2898,13.7300,15.4570,13.4750,20.8060,64.8164,51.8409,86.4558,5963736,82358
wiki,50000,women AND rights,TFIDF_TOPK,bm25,mmap-shards,5,3487,12.3798,12.2642,12.4954,12.4130,12.4260,12.2400,12.4810,80.7767,80.0294,81.5382,7434851,96128
wiki,50000,women AND science,TFIDF_TOPK,bm25,mmap-shards,5,2659,12.1690,11.9864,12.3516,12.1240,12.1910,12.0510,12.4130,82.1760,80.9609,83.4282,7339771,99203
