docs,query,operator_type,memory_latency_ms,memory_latency_ci_low_ms,memory_latency_ci_high_ms,mmap_latency_ms,mmap_latency_ci_low_ms,mmap_latency_ci_high_ms,mmap_to_memory_ratio,memory_hits,mmap_hits,results_equal
25000,17th ADJ century,ADJ,0.7242,0.6516,0.7968,8.9298,8.8294,9.0302,12.3306,2009,2009,true
25000,18th ADJ century,ADJ,0.7768,0.7488,0.8048,9.2024,9.1250,9.2798,11.8465,2475,2475,true
25000,19th ADJ century,ADJ,1.2004,1.1624,1.2384,10.4442,10.3808,10.5076,8.7006,4821,4821,true
25000,20th ADJ century,ADJ,1.3322,1.2368,1.4276,10.8540,10.7090,10.9990,8.1474,5900,5900,true
25000,21st ADJ century,ADJ,0.6744,0.5792,0.7696,8.9846,8.8454,9.1238,13.3224,2316,2316,true
25000,align ADJ center,ADJ,3.4394,3.3437,3.5351,13.8598,13.5832,14.1364,4.0297,2928,2928,true
25000,best ADJ known,ADJ,0.6500,0.6206,0.6794,10.6906,10.6062,10.7750,16.4471,2016,2016,true
25000,birth ADJ date,ADJ,0.5664,0.5584,0.5744,6.7842,6.7195,6.8489,11.9778,3437,3437,true
25000,birth ADJ name,ADJ,0.4756,0.4587,0.4925,8.7166,8.5112,8.9220,18.3276,2010,2010,true
25000,birth ADJ place,ADJ,0.6500,0.6035,0.6965,12.8234,7.5638,18.0830,19.7283,3330,3330,true
25000,births ADJ category,ADJ,1.9518,1.7592,2.1444,21.9524,11.1710,32.7338,11.2473,3581,3581,true
25000,category ADJ 20th,ADJ,1.7572,1.4595,2.0549,13.5494,13.1568,13.9420,7.7108,1950,1950,true
25000,category ADJ people,ADJ,2.1010,1.8682,2.3338,17.8442,17.6598,18.0286,8.4932,2586,2586,true
25000,class ADJ wikitable,ADJ,0.8818,0.8423,0.9213,8.2642,8.0700,8.4584,9.3720,5796,5796,true
25000,date ADJ birth,ADJ,0.6198,0.4770,0.7626,6.9646,6.6719,7.2573,11.2369,2639,2639,true
25000,date ADJ death,ADJ,0.6872,0.5846,0.7898,8.8014,8.7016,8.9012,12.8076,2371,2371,true
25000,death ADJ date,ADJ,0.7628,0.6690,0.8566,8.9132,8.8562,8.9702,11.6848,2976,2976,true
25000,death ADJ place,ADJ,0.7912,0.7008,0.8816,9.4882,9.4050,9.5714,11.9922,2890,2890,true
25000,deaths ADJ category,ADJ,0.9076,0.7893,1.0259,11.9664,11.8017,12.1311,13.1847,3017,3017,true
25000,each ADJ other,ADJ,1.5452,1.4580,1.6324,17.2304,17.1222,17.3386,11.1509,3809,3809,true
25000,even ADJ though,ADJ,0.6516,0.6344,0.6688,8.1726,8.0554,8.2898,12.5424,2274,2274,true
25000,female ADJ scientists,ADJ,0.0874,0.0769,0.0979,3.0598,2.9784,3.1412,35.0092,3,3,true
25000,feminist ADJ movement,ADJ,0.0944,0.0784,0.1104,3.3758,3.3132,3.4384,35.7606,55,55,true
25000,first ADJ time,ADJ,2.3950,2.3506,2.4394,23.1710,21.7948,24.5472,9.6747,3615,3615,true
25000,many ADJ other,ADJ,1.6928,1.6661,1.7195,19.8908,19.7946,19.9870,11.7502,2466,2466,true
25000,most ADJ common,ADJ,1.2280,0.8805,1.5755,13.8320,13.4481,14.2159,11.2638,2285,2285,true
25000,most ADJ important,ADJ,1.0264,0.9948,1.0580,13.6904,12.9577,14.4231,13.3383,2841,2841,true
25000,nbsp ADJ million,ADJ,0.9614,0.9242,0.9986,11.1112,10.9758,11.2466,11.5573,2061,2061,true
25000,north ADJ america,ADJ,0.7048,0.6928,0.7168,7.9758,7.7681,8.1835,11.3164,2530,2530,true
25000,other ADJ hand,ADJ,0.6946,0.6758,0.7134,13.7556,13.6772,13.8340,19.8036,2037,2037,true
25000,prime ADJ minister,ADJ,0.7274,0.5647,0.8901,6.0862,5.9712,6.2012,8.3671,2562,2562,true
25000,right ADJ thumb,ADJ,1.6682,1.4602,1.8762,21.5420,20.8572,22.2268,12.9133,2237,2237,true
25000,same ADJ time,ADJ,1.4922,1.2928,1.6916,16.0578,15.5405,16.5751,10.7612,3267,3267,true
25000,same ADJ year,ADJ,0.9598,0.8614,1.0582,13.3230,13.1207,13.5253,13.8810,2444,2444,true
25000,style ADJ text,ADJ,3.6324,3.5115,3.7533,14.8806,14.6640,15.0972,4.0966,2547,2547,true
25000,text ADJ align,ADJ,3.8662,3.8323,3.9001,13.5274,13.4715,13.5833,3.4989,2910,2910,true
25000,thumb ADJ left,ADJ,1.9516,1.9172,1.9860,18.0778,18.0128,18.1428,9.2631,4786,4786,true
25000,thumb ADJ right,ADJ,2.6088,2.5709,2.6467,36.3152,24.4066,48.2238,13.9203,6960,6960,true
25000,thumb ADJ upright,ADJ,1.8362,1.7365,1.9359,15.5108,15.3362,15.6854,8.4472,6234,6234,true
25000,took ADJ place,ADJ,0.7256,0.7012,0.7500,8.1974,8.1527,8.2421,11.2974,2729,2729,true
25000,united ADJ kingdom,ADJ,1.2880,1.2488,1.3272,11.6990,11.4233,11.9747,9.0831,4439,4439,true
25000,united ADJ nations,ADJ,0.9202,0.8693,0.9711,9.9532,9.8557,10.0507,10.8163,2075,2075,true
25000,united ADJ states,ADJ,2.7246,2.6431,2.8061,17.0690,16.8613,17.2767,6.2648,9889,9889,true
25000,university ADJ press,ADJ,0.8420,0.7625,0.9215,8.5998,8.4954,8.7042,10.2135,2856,2856,true
25000,voting ADJ rights,ADJ,0.1192,0.1078,0.1306,3.5010,3.4297,3.5723,29.3708,192,192,true
25000,well ADJ known,ADJ,1.0790,1.0446,1.1134,13.9610,13.7711,14.1509,12.9388,2635,2635,true
25000,wikitable ADJ sortable,ADJ,0.2868,0.2679,0.3057,4.1792,4.0816,4.2768,14.5718,2040,2040,true
25000,women ADJ rights,ADJ,0.1948,0.1849,0.2047,5.4788,5.2995,5.6581,28.1253,2,2,true
25000,years ADJ later,ADJ,1.2440,1.2126,1.2754,14.5608,14.3189,14.8027,11.7048,2826,2826,true
25000,york ADJ city,ADJ,0.9680,0.9347,1.0013,10.5506,10.4228,10.6784,10.8994,2465,2465,true
25000,equality AND rights,AND,0.1386,0.1162,0.1610,3.5742,3.4559,3.6925,25.7879,560,560,true
25000,female AND scientists,AND,0.1226,0.1142,0.1310,3.3214,3.1660,3.4768,27.0914,461,461,true
25000,feminism AND women,AND,0.0994,0.0801,0.1187,3.5698,3.3975,3.7421,35.9135,198,198,true
25000,feminist AND movement,AND,0.1064,0.0968,0.1160,3.4782,3.3848,3.5716,32.6898,367,367,true
25000,five AND back,AND,0.7942,0.7842,0.8042,7.8598,7.7050,8.0146,9.8965,5174,5174,true
25000,five AND book,AND,0.8102,0.7473,0.8731,8.0330,7.9335,8.1325,9.9148,4263,4263,true
25000,five AND caption,AND,0.5848,0.5611,0.6085,6.2324,6.0969,6.3679,10.6573,4636,4636,true
25000,five AND city,AND,1.0818,1.0443,1.1193,10.7488,10.6390,10.8586,9.9360,5286,5286,true
25000,five AND country,AND,0.8546,0.8311,0.8781,8.5040,8.4193,8.5887,9.9509,4872,4872,true
25000,five AND death,AND,0.8638,0.7824,0.9452,8.4004,8.3126,8.4882,9.7249,4871,4871,true
25000,five AND described,AND,0.6676,0.6453,0.6899,7.2988,7.1689,7.4287,10.9329,4393,4393,true
25000,five AND developed,AND,0.7242,0.6852,0.7632,7.5442,7.5011,7.5873,10.4173,4522,4522,true
25000,five AND development,AND,0.7198,0.6900,0.7496,7.8322,7.5685,8.0959,10.8811,4392,4392,true
25000,five AND down,AND,0.7296,0.7045,0.7547,7.3956,7.2879,7.5033,10.1365,4861,4861,true
25000,five AND either,AND,0.6590,0.6375,0.6805,7.2022,7.0693,7.3351,10.9290,4321,4321,true
25000,five AND established,AND,0.8050,0.7860,0.8240,8.3000,8.1484,8.4516,10.3106,5000,5000,true
25000,five AND family,AND,0.7750,0.7389,0.8111,8.6622,6.9781,10.3463,11.1770,4621,4621,true
25000,five AND former,AND,3.5498,-0.2114,7.3110,36.8272,32.5885,41.0659,10.3744,4890,4890,true
25000,five AND further,AND,1.7184,-0.0080,3.4448,17.1924,8.8533,25.5315,10.0049,5002,5002,true
25000,five AND important,AND,1.8232,0.1396,3.5068,19.6250,11.6916,27.5584,10.7640,4589,4589,true
25000,five AND included,AND,1.1358,1.0867,1.1849,11.6682,11.3200,12.0164,10.2731,5235,5235,true
25000,five AND just,AND,0.9844,0.9480,1.0208,19.1676,12.2276,26.1076,19.4714,4785,4785,true
25000,five AND less,AND,1.8904,0.1874,3.5934,11.6952,11.4809,11.9095,6.1866,4688,4688,true
25000,five AND making,AND,1.0838,1.0199,1.1477,11.2460,11.1460,11.3460,10.3765,4872,4872,true
25000,five AND named,AND,1.3380,1.2950,1.3810,49.7626,16.5047,83.0205,37.1918,4922,4922,true
25000,five AND north,AND,2.1838,2.0287,2.3389,11.6978,7.7884,15.6072,5.3566,5043,5043,true
25000,five AND original,AND,0.8820,0.7516,1.0124,7.3784,7.2938,7.4630,8.3655,4571,4571,true
25000,five AND point,AND,0.7418,0.7169,0.7667,7.6138,7.5866,7.6410,10.2640,4699,4699,true
25000,five AND power,AND,0.8220,0.7914,0.8526,8.2302,8.1663,8.2941,10.0124,4635,4635,true
25000,five AND present,AND,0.6960,0.6781,0.7139,7.1384,7.0683,7.2085,10.2563,4691,4691,true
25000,five AND public,AND,0.8364,0.8211,0.8517,8.2228,8.1414,8.3042,9.8312,5064,5064,true
25000,five AND published,AND,0.7278,0.7022,0.7534,7.6668,7.6153,7.7183,10.5342,4416,4416,true
25000,five AND rather,AND,0.6380,0.6136,0.6624,7.1600,7.1016,7.2184,11.2226,4340,4340,true
25000,five AND related,AND,0.6046,0.5831,0.6261,6.8140,6.7584,6.8696,11.2703,4060,4060,true
25000,five AND result,AND,0.7078,0.6820,0.7336,7.2680,7.2130,7.3230,10.2684,4767,4767,true
25000,five AND series,AND,0.9524,0.8853,1.0195,8.4546,8.1981,8.7111,8.8772,4818,4818,true
25000,five AND short,AND,0.6832,0.6512,0.7152,7.0478,7.0021,7.0935,10.3159,4389,4389,true
25000,five AND single,AND,0.7464,0.7151,0.7777,7.5318,7.4316,7.6320,10.0908,4601,4601,true
25000,five AND sometimes,AND,0.6032,0.5885,0.6179,6.9522,6.8726,7.0318,11.5255,3991,3991,true
25000,five AND south,AND,0.9030,0.8672,0.9388,8.9256,8.8496,9.0016,9.8844,4918,4918,true
25000,five AND style,AND,1.2948,1.2584,1.3312,10.7576,10.7115,10.8037,8.3083,4621,4621,true
25000,five AND third,AND,0.7878,0.7717,0.8039,7.4802,7.3715,7.5889,9.4950,5164,5164,true
25000,five AND thus,AND,0.6656,0.6152,0.7160,7.1300,7.0787,7.1813,10.7121,4198,4198,true
25000,five AND title,AND,0.7796,0.7378,0.8214,7.6810,7.6217,7.7403,9.8525,4726,4726,true
25000,women AND education,AND,0.4520,0.4318,0.4722,5.4716,5.4165,5.5267,12.1053,2276,2276,true
25000,women AND rights,AND,0.4900,0.4792,0.5008,5.6584,5.5477,5.7691,11.5478,2246,2246,true
25000,women AND science,AND,0.3846,0.3573,0.4119,5.8430,5.7406,5.9454,15.1924,1704,1704,true
25000,women AND suffrage,AND,0.1088,0.0960,0.1216,3.6038,3.5120,3.6956,33.1232,346,346,true
25000,women AND university,AND,0.7720,0.7482,0.7958,8.3556,8.2980,8.4132,10.8233,3306,3306,true
25000,women AND vote,AND,0.2564,0.2295,0.2833,4.4226,4.3195,4.5257,17.2488,1137,1137,true
25000,area,BM25_TOPK,0.0006,-0.0011,0.0023,4.4736,4.3737,4.5735,7456.0000,8109,8109,true
25000,back,BM25_TOPK,0.0004,-0.0007,0.0015,4.0128,3.9495,4.0761,10032.0000,9149,9149,true
25000,book,BM25_TOPK,0.0004,-0.0007,0.0015,4.2328,4.1418,4.3238,10582.0000,8038,8038,true
25000,caption,BM25_TOPK,0.0006,-0.0011,0.0023,2.6164,2.5210,2.7118,4360.6667,8588,8588,true
25000,central,BM25_TOPK,0.0002,-0.0004,0.0008,4.0034,3.9597,4.0471,20017.0000,8124,8124,true
25000,city,BM25_TOPK,0.0002,-0.0004,0.0008,6.3928,6.3445,6.4411,31964.0000,9990,9990,true
25000,country,BM25_TOPK,0.0004,-0.0007,0.0015,4.5728,4.5279,4.6177,11432.0000,8494,8494,true
25000,created,BM25_TOPK,0.0002,-0.0004,0.0008,3.5762,3.5732,3.5792,17881.0000,8262,8262,true
25000,death,BM25_TOPK,0.0002,-0.0004,0.0008,4.5810,4.5358,4.6262,22905.0000,9112,9112,true
25000,described,BM25_TOPK,0.0004,-0.0007,0.0015,3.5436,3.4924,3.5948,8859.0000,8180,8180,true
25000,developed,BM25_TOPK,0.0002,-0.0004,0.0008,3.8378,3.7200,3.9556,19189.0000,8514,8514,true
25000,development,BM25_TOPK,0.0002,-0.0004,0.0008,4.0030,3.8566,4.1494,20015.0000,8142,8142,true
25000,does,BM25_TOPK,0.0004,-0.0007,0.0015,3.6420,3.2238,4.0602,9105.0000,7893,7893,true
25000,down,BM25_TOPK,0.0004,-0.0003,0.0011,3.6388,3.5913,3.6863,9097.0000,8400,8400,true
25000,either,BM25_TOPK,0.0004,-0.0007,0.0015,3.4892,3.4196,3.5588,8723.0000,8374,8374,true
25000,established,BM25_TOPK,0.0004,-0.0007,0.0015,4.2688,4.2455,4.2921,10672.0000,8687,8687,true
25000,family,BM25_TOPK,0.0004,-0.0007,0.0015,4.0462,4.0230,4.0694,10115.5000,8312,8312,true
25000,feminism AND women,BM25_TOPK,0.0870,0.0700,0.1040,3.4954,3.4576,3.5332,40.1770,198,198,true
25000,five,BM25_TOPK,0.0004,-0.0007,0.0015,3.9942,3.9256,4.0628,9985.5000,9025,9025,true
25000,former,BM25_TOPK,0.0002,-0.0004,0.0008,3.9476,3.9204,3.9748,19738.0000,8498,8498,true
25000,further,BM25_TOPK,0.0006,-0.0011,0.0023,3.6758,3.6405,3.7111,6126.3333,8898,8898,true
25000,held,BM25_TOPK,0.0002,-0.0004,0.0008,3.8838,3.7878,3.9798,19419.0000,8255,8255,true
25000,important,BM25_TOPK,0.0004,-0.0007,0.0015,3.8334,3.7472,3.9196,9583.5000,8763,8763,true
25000,included,BM25_TOPK,0.0002,-0.0004,0.0008,3.8570,3.7863,3.9277,19285.0000,8736,8736,true
25000,just,BM25_TOPK,0.0004,-0.0007,0.0015,3.4558,3.4292,3.4824,8639.5000,8218,8218,true
25000,less,BM25_TOPK,0.0004,-0.0007,0.0015,3.7976,3.7372,3.8580,9494.0000,9238,9238,true
25000,making,BM25_TOPK,0.0002,-0.0004,0.0008,3.5106,3.4514,3.5698,17553.0000,8440,8440,true
25000,named,BM25_TOPK,0.0002,-0.0004,0.0008,3.7910,3.7440,3.8380,18955.0000,8970,8970,true
25000,near,BM25_TOPK,0.0002,-0.0004,0.0008,3.7378,3.6518,3.8238,18689.0000,8602,8602,true
25000,north,BM25_TOPK,0.0002,-0.0004,0.0008,4.9498,4.8755,5.0241,24749.0000,9111,9111,true
25000,original,BM25_TOPK,0.0004,-0.0007,0.0015,7.6156,2.2809,12.9503,19039.0000,8303,8303,true
25000,point,BM25_TOPK,0.0018,-0.0015,0.0051,10.3126,10.0540,10.5712,5729.2222,8724,8724,true
25000,power,BM25_TOPK,0.0034,-0.0041,0.0109,8.5470,1.9762,15.1178,2513.8235,8580,8580,true
25000,present,BM25_TOPK,0.0006,-0.0011,0.0023,3.6940,3.6279,3.7601,6156.6667,8372,8372,true
25000,public,BM25_TOPK,0.0008,-0.0014,0.0030,4.6556,4.5616,4.7496,5819.5000,8756,8756,true
25000,published,BM25_TOPK,0.0008,-0.0014,0.0030,4.1086,4.0537,4.1635,5135.7500,8200,8200,true
25000,rather,BM25_TOPK,0.0008,-0.0014,0.0030,3.6046,3.5664,3.6428,4505.7500,8183,8183,true
25000,related,BM25_TOPK,0.0006,-0.0011,0.0023,3.3856,3.3674,3.4038,5642.6667,7937,7937,true
25000,result,BM25_TOPK,0.0008,-0.0014,0.0030,3.7676,3.6557,3.8795,4709.5000,8738,8738,true
25000,series,BM25_TOPK,0.0008,-0.0014,0.0030,4.8278,4.7955,4.8601,6034.7500,8807,8807,true
25000,short,BM25_TOPK,0.0008,-0.0014,0.0030,3.5786,3.4887,3.6685,4473.2500,7917,7917,true
25000,single,BM25_TOPK,0.0008,-0.0014,0.0030,3.9154,3.8653,3.9655,4894.2500,8744,8744,true
25000,sometimes,BM25_TOPK,0.0010,-0.0018,0.0038,3.5638,3.5003,3.6273,3563.8000,8141,8141,true
25000,south,BM25_TOPK,0.0010,-0.0018,0.0038,5.2104,5.1336,5.2872,5210.4000,8973,8973,true
25000,style,BM25_TOPK,0.0008,-0.0014,0.0030,6.6780,6.5480,6.8080,8347.5000,8072,8072,true
25000,third,BM25_TOPK,0.0008,-0.0014,0.0030,3.8620,3.7678,3.9562,4827.5000,8688,8688,true
25000,thus,BM25_TOPK,0.0006,-0.0011,0.0023,3.6952,3.6440,3.7464,6158.6667,8411,8411,true
25000,title,BM25_TOPK,0.0008,-0.0014,0.0030,4.1160,4.0573,4.1747,5145.0000,8185,8185,true
25000,women AND rights,BM25_TOPK,0.4904,0.4671,0.5137,5.8160,5.6381,5.9939,11.8597,2246,2246,true
25000,women AND science,BM25_TOPK,0.3782,0.3646,0.3918,5.8974,5.8259,5.9689,15.5933,1704,1704,true
25000,(feminism OR feminist) AND movement,COMPLEX,0.2082,0.1955,0.2209,3.6316,3.5592,3.7040,17.4428,440,440,true
25000,(five OR back) AND NOT result,COMPLEX,2.1532,2.1198,2.1866,11.7048,11.6198,11.7898,5.4360,6552,6552,true
25000,(five OR back) AND result,COMPLEX,2.7626,2.6931,2.8321,12.3532,12.2743,12.4321,4.4716,6448,6448,true
25000,(five OR caption) AND NOT single,COMPLEX,1.9698,1.9265,2.0131,10.3316,10.2800,10.3832,5.2450,7210,7210,true
25000,(five OR caption) AND single,COMPLEX,2.4328,2.3845,2.4811,10.8078,10.7353,10.8803,4.4425,5767,5767,true
25000,(five OR city) AND NOT back,COMPLEX,2.6164,2.5685,2.6643,14.8094,14.7636,14.8552,5.6602,6947,6947,true
25000,(five OR city) AND back,COMPLEX,3.5962,3.5089,3.6835,15.9948,15.8110,16.1786,4.4477,6782,6782,true
25000,(five OR country) AND NOT thus,COMPLEX,2.2974,2.2238,2.3710,12.6692,12.2515,13.0869,5.5146,7414,7414,true
25000,(five OR country) AND thus,COMPLEX,3.1714,2.9566,3.3862,13.5838,13.3325,13.8351,4.2832,5233,5233,true
25000,(five OR death) AND NOT developed,COMPLEX,2.9646,2.7664,3.1628,13.2472,12.8786,13.6158,4.4685,7535,7535,true
25000,(five OR death) AND developed,COMPLEX,3.3784,3.2661,3.4907,13.5310,13.2827,13.7793,4.0052,5731,5731,true
25000,(five OR developed) AND NOT series,COMPLEX,2.2890,2.1368,2.4412,12.4086,12.2973,12.5199,5.4210,6623,6623,true
25000,(five OR developed) AND series,COMPLEX,3.0422,2.8960,3.1884,30.0160,18.4094,41.6226,9.8665,6394,6394,true
25000,(five OR either) AND NOT making,COMPLEX,2.1772,2.1330,2.2214,10.7664,10.6744,10.8584,4.9451,6563,6563,true
25000,(five OR either) AND making,COMPLEX,2.5260,2.4993,2.5527,11.3336,11.2740,11.3932,4.4868,6515,6515,true
25000,(five OR established) AND NOT either,COMPLEX,2.1344,2.0725,2.1963,11.6684,11.5521,11.7847,5.4668,7108,7108,true
25000,(five OR established) AND either,COMPLEX,2.7080,2.4737,2.9423,12.2016,12.1100,12.2932,4.5058,5604,5604,true
25000,(five OR further) AND NOT named,COMPLEX,2.0180,2.0049,2.0311,11.3308,11.1920,11.4696,5.6149,6452,6452,true
25000,(five OR further) AND named,COMPLEX,2.6390,2.5865,2.6915,12.0174,11.9651,12.0697,4.5538,6469,6469,true
25000,(five OR important) AND NOT further,COMPLEX,1.9936,1.9480,2.0392,11.3552,11.2579,11.4525,5.6958,6265,6265,true
25000,(five OR important) AND further,COMPLEX,2.6448,2.5934,2.6962,12.1552,12.0951,12.2153,4.5959,6934,6934,true
25000,(five OR included) AND NOT death,COMPLEX,2.0270,1.9725,2.0815,12.2638,12.2428,12.2848,6.0502,6219,6219,true
25000,(five OR included) AND death,COMPLEX,3.0384,2.9711,3.1057,13.1252,13.0332,13.2172,4.3198,6307,6307,true
25000,(five OR less) AND NOT south,COMPLEX,2.0728,2.0546,2.0910,13.0456,12.9451,13.1461,6.2937,7358,7358,true
25000,(five OR less) AND south,COMPLEX,2.9810,2.8940,3.0680,13.9686,13.8992,14.0380,4.6859,6217,6217,true
25000,(five OR making) AND NOT original,COMPLEX,1.9786,1.9079,2.0493,11.2066,11.1122,11.3010,5.6639,6567,6567,true
25000,(five OR making) AND original,COMPLEX,2.7418,2.6565,2.8271,11.9118,11.8465,11.9771,4.3445,6026,6026,true
25000,(five OR named) AND NOT included,COMPLEX,2.0932,2.0539,2.1325,11.7376,11.6142,11.8610,5.6075,6278,6278,true
25000,(five OR named) AND included,COMPLEX,2.9092,2.8012,3.0172,31.2442,8.0016,54.4868,10.7398,6795,6795,true
25000,(five OR north) AND NOT third,COMPLEX,2.4528,2.4336,2.4720,12.9592,12.6152,13.3032,5.2834,6561,6561,true
25000,(five OR north) AND third,COMPLEX,3.1370,2.9759,3.2981,13.6980,13.5295,13.8665,4.3666,6532,6532,true
25000,(five OR point) AND NOT north,COMPLEX,2.0532,2.0189,2.0875,12.5294,12.2090,12.8498,6.1024,6628,6628,true
25000,(five OR point) AND north,COMPLEX,2.9282,2.8697,2.9867,13.6796,13.6329,13.7263,4.6717,6422,6422,true
25000,(five OR public) AND NOT less,COMPLEX,2.1612,2.1152,2.2072,12.2410,12.1601,12.3219,5.6640,6631,6631,true
25000,(five OR public) AND less,COMPLEX,2.8366,2.7368,2.9364,12.9470,12.9259,12.9681,4.5643,6086,6086,true
25000,(five OR result) AND NOT important,COMPLEX,2.0320,1.9920,2.0720,11.3618,11.2303,11.4933,5.5914,6469,6469,true
25000,(five OR result) AND important,COMPLEX,2.5842,2.5419,2.6265,12.0366,12.0005,12.0727,4.6578,6527,6527,true
25000,(five OR series) AND NOT caption,COMPLEX,2.2504,2.1949,2.3059,11.4240,11.3245,11.5235,5.0764,6996,6996,true
25000,(five OR series) AND caption,COMPLEX,2.6574,2.5859,2.7289,11.9716,11.8582,12.0850,4.5050,6018,6018,true
25000,(five OR single) AND NOT public,COMPLEX,2.0756,2.0254,2.1258,12.3638,12.2738,12.4538,5.9567,6804,6804,true
25000,(five OR single) AND public,COMPLEX,2.8786,2.7901,2.9671,13.3944,13.0036,13.7852,4.6531,6364,6364,true
25000,(five OR south) AND NOT point,COMPLEX,2.7594,2.4576,3.0612,13.8344,12.8227,14.8461,5.0136,7068,7068,true
25000,(five OR south) AND point,COMPLEX,3.3120,3.0347,3.5893,14.2866,14.1386,14.4346,4.3136,6012,6012,true
25000,(five OR third) AND NOT country,COMPLEX,2.0964,2.0608,2.1320,12.4466,12.3496,12.5436,5.9371,6402,6402,true
25000,(five OR third) AND country,COMPLEX,3.2882,3.2439,3.3325,38.7554,14.2467,63.2641,11.7862,6147,6147,true
25000,(five OR thus) AND NOT established,COMPLEX,2.1844,2.1165,2.2523,12.0006,11.7600,12.2412,5.4938,6847,6847,true
25000,(five OR thus) AND established,COMPLEX,2.8098,2.6514,2.9682,12.6360,12.4059,12.8661,4.4971,6391,6391,true
25000,(women OR female) AND scientists,COMPLEX,1.2246,1.1812,1.2680,6.7858,6.3962,7.1754,5.5412,820,820,true
25000,(women OR feminism) AND rights,COMPLEX,1.1506,1.0250,1.2762,6.6838,6.2734,7.0942,5.8090,2257,2257,true
25000,women NEAR/3 rights AND NOT men,COMPLEX,0.4022,0.3745,0.4299,7.9680,7.8703,8.0657,19.8110,134,135,false
25000,17th NEAR/3 century,NEAR/3,0.7028,0.6772,0.7284,9.0242,8.6143,9.4341,12.8404,2058,2058,true
25000,18th NEAR/3 century,NEAR/3,0.7920,0.7815,0.8025,9.0550,8.9995,9.1105,11.4331,2533,2533,true
25000,19th NEAR/3 century,NEAR/3,1.2438,1.2138,1.2738,10.3684,10.1483,10.5885,8.3361,4859,4859,true
25000,20th NEAR/3 century,NEAR/3,1.3318,1.3149,1.3487,10.8528,10.6854,11.0202,8.1490,5942,5942,true
25000,21st NEAR/3 century,NEAR/3,0.6572,0.6142,0.7002,8.8270,8.7376,8.9164,13.4312,2322,2322,true
25000,align NEAR/3 center,NEAR/3,3.5450,3.4331,3.6569,13.7042,13.4812,13.9272,3.8658,2956,2956,true
25000,best NEAR/3 known,NEAR/3,0.6766,0.6556,0.6976,10.7654,10.6360,10.8948,15.9110,2044,2044,true
25000,birth NEAR/3 date,NEAR/3,0.6052,0.5672,0.6432,6.8220,6.7365,6.9075,11.2723,3494,3494,true
25000,birth NEAR/3 name,NEAR/3,0.5006,0.4812,0.5200,8.6922,8.5323,8.8521,17.3636,2165,2165,true
25000,birth NEAR/3 place,NEAR/3,0.6780,0.5118,0.8442,7.3842,7.2694,7.4990,10.8912,3405,3405,true
25000,births NEAR/3 category,NEAR/3,0.7998,0.7529,0.8467,11.1002,11.0252,11.1752,13.8787,3602,3602,true
25000,category NEAR/3 people,NEAR/3,2.1148,2.0632,2.1664,17.3694,17.2462,17.4926,8.2133,3394,3394,true
25000,class NEAR/3 wikitable,NEAR/3,0.8128,0.7934,0.8322,7.5742,7.5444,7.6040,9.3187,5852,5852,true
25000,date NEAR/3 birth,NEAR/3,0.6102,0.5867,0.6337,6.7236,6.6658,6.7814,11.0187,3494,3494,true
25000,date NEAR/3 death,NEAR/3,0.7412,0.6774,0.8050,8.6086,8.5373,8.6799,11.6144,3033,3033,true
25000,death NEAR/3 date,NEAR/3,0.7542,0.7034,0.8050,8.6250,8.5867,8.6633,11.4360,3033,3033,true
25000,death NEAR/3 place,NEAR/3,0.8270,0.7737,0.8803,9.1650,9.0950,9.2350,11.0822,2940,2940,true
25000,deaths NEAR/3 category,NEAR/3,0.8490,0.7933,0.9047,11.5308,11.4651,11.5965,13.5816,3085,3085,true
25000,each NEAR/3 other,NEAR/3,1.5568,1.5399,1.5737,17.2574,17.1605,17.3543,11.0852,3958,3958,true
25000,even NEAR/3 though,NEAR/3,0.6508,0.6185,0.6831,8.1212,8.0961,8.1463,12.4788,2308,2308,true
25000,female NEAR/3 scientists,NEAR/3,0.0904,0.0770,0.1038,3.1604,3.0240,3.2968,34.9602,7,7,true
25000,first NEAR/3 time,NEAR/3,2.5428,2.5108,2.5748,22.7470,22.6262,22.8678,8.9457,3959,3959,true
25000,many NEAR/3 other,NEAR/3,1.8404,1.8056,1.8752,20.1204,19.9988,20.2420,10.9326,2829,2829,true
25000,most NEAR/3 common,NEAR/3,1.0442,1.0177,1.0707,19.2640,10.4226,28.1054,18.4486,2419,2419,true
25000,most NEAR/3 important,NEAR/3,2.3120,1.3985,3.2255,22.7678,11.0815,34.4541,9.8477,2904,2917,false
25000,nbsp NEAR/3 million,NEAR/3,1.0232,0.9862,1.0602,10.9708,10.8982,11.0434,10.7220,2090,2090,true
25000,north NEAR/3 america,NEAR/3,0.7044,0.6757,0.7331,7.8146,7.7094,7.9198,11.0940,2580,2589,false
25000,other NEAR/3 hand,NEAR/3,0.7258,0.6992,0.7524,13.7514,13.5748,13.9280,18.9465,2074,2074,true
25000,prime NEAR/3 minister,NEAR/3,0.6392,0.6142,0.6642,5.4428,5.3666,5.5190,8.5150,2563,2563,true
25000,right NEAR/3 thumb,NEAR/3,3.1324,3.0589,3.2059,20.5254,20.4103,20.6405,6.5526,8589,8589,true
25000,same NEAR/3 time,NEAR/3,1.2602,1.2382,1.2822,14.6828,14.6397,14.7259,11.6512,3374,3374,true
25000,same NEAR/3 year,NEAR/3,1.0516,0.8960,1.2072,12.5956,12.4920,12.6992,11.9776,2531,2531,true
25000,style NEAR/3 text,NEAR/3,3.4340,3.3773,3.4907,13.8186,13.7373,13.8999,4.0241,2688,2688,true
25000,text NEAR/3 align,NEAR/3,3.8660,3.8132,3.9188,13.5054,13.3442,13.6666,3.4934,2969,2969,true
25000,thumb NEAR/3 left,NEAR/3,2.1892,2.1639,2.2145,18.4166,17.9214,18.9118,8.4125,5869,5869,true
25000,thumb NEAR/3 right,NEAR/3,3.0474,2.9906,3.1042,20.5282,20.4872,20.5692,6.7363,8589,8589,true
25000,thumb NEAR/3 upright,NEAR/3,1.8770,1.8544,1.8996,15.4642,15.2959,15.6325,8.2388,7753,7753,true
25000,took NEAR/3 place,NEAR/3,0.7618,0.7375,0.7861,8.2340,8.1368,8.3312,10.8086,2831,2831,true
25000,united NEAR/3 kingdom,NEAR/3,1.2622,1.2430,1.2814,11.4462,11.3396,11.5528,9.0685,4461,4461,true
25000,united NEAR/3 nations,NEAR/3,0.9186,0.8831,0.9541,9.9524,9.8491,10.0557,10.8343,2106,2106,true
25000,united NEAR/3 states,NEAR/3,2.7198,2.6875,2.7521,16.9600,16.8196,17.1004,6.2358,9922,9922,true
25000,university NEAR/3 press,NEAR/3,0.8982,0.8325,0.9639,8.6144,8.5517,8.6771,9.5907,3206,3206,true
25000,voting NEAR/3 rights,NEAR/3,0.1162,0.1020,0.1304,3.4610,3.4286,3.4934,29.7849,197,197,true
25000,well NEAR/3 known,NEAR/3,1.1056,1.0857,1.1255,13.7912,13.7111,13.8713,12.4740,2682,2682,true
25000,wikitable NEAR/3 sortable,NEAR/3,0.2936,0.2830,0.3042,4.1270,4.0164,4.2376,14.0565,2252,2252,true
25000,women NEAR/3 education,NEAR/3,0.2246,0.2084,0.2408,5.3520,5.1491,5.5549,23.8290,86,85,false
25000,women NEAR/3 rights,NEAR/3,0.3350,0.3151,0.3549,5.5200,5.4599,5.5801,16.4776,391,393,false
25000,women NEAR/3 science,NEAR/3,0.2050,0.1827,0.2273,5.6306,5.5767,5.6845,27.4663,45,47,false
25000,years NEAR/3 later,NEAR/3,1.3412,1.3215,1.3609,14.2892,14.2085,14.3699,10.6540,3263,3263,true
25000,york NEAR/3 city,NEAR/3,0.9704,0.9479,0.9929,10.5002,10.3835,10.6169,10.8205,2495,2524,false
25000,feminism AND NOT anarchism,NOT,0.0086,0.0033,0.0139,1.2788,1.2115,1.3461,148.6977,207,207,true
25000,five AND NOT area,NOT,0.2892,0.2658,0.3126,7.6436,7.5365,7.7507,26.4302,4652,4652,true
25000,five AND NOT back,NOT,0.3030,0.2880,0.3180,7.1548,7.0202,7.2894,23.6132,3851,3851,true
25000,five AND NOT book,NOT,0.2944,0.2567,0.3321,7.3622,7.2881,7.4363,25.0075,4762,4762,true
25000,five AND NOT caption,NOT,0.3018,0.2766,0.3270,14.1160,13.1430,15.0890,46.7727,4389,4389,true
25000,five AND NOT central,NOT,0.5698,0.5501,0.5895,12.4270,7.0875,17.7665,21.8094,4513,4513,true
25000,five AND NOT city,NOT,0.3996,0.3539,0.4453,10.1378,9.6614,10.6142,25.3699,3739,3739,true
25000,five AND NOT country,NOT,0.2712,0.2567,0.2857,7.8896,7.8021,7.9771,29.0914,4153,4153,true
25000,five AND NOT created,NOT,0.2962,0.2789,0.3135,6.8410,6.7279,6.9541,23.0959,4390,4390,true
25000,five AND NOT death,NOT,0.3288,0.3003,0.3573,7.8288,7.7056,7.9520,23.8102,4154,4154,true
25000,five AND NOT described,NOT,0.2858,0.2644,0.3072,6.6922,6.5989,6.7855,23.4157,4632,4632,true
25000,five AND NOT developed,NOT,0.3128,0.2886,0.3370,6.9698,6.9045,7.0351,22.2820,4503,4503,true
25000,five AND NOT development,NOT,0.2904,0.2756,0.3052,7.0760,6.9861,7.1659,24.3664,4633,4633,true
25000,five AND NOT does,NOT,0.2758,0.2599,0.2917,6.5154,6.4299,6.6009,23.6236,5173,5173,true
25000,five AND NOT down,NOT,0.2912,0.2739,0.3085,6.7016,6.6693,6.7339,23.0137,4164,4164,true
25000,five AND NOT either,NOT,0.2832,0.2653,0.3011,6.5684,6.5449,6.5919,23.1935,4704,4704,true
25000,five AND NOT established,NOT,0.2856,0.2556,0.3156,7.3586,7.3272,7.3900,25.7654,4025,4025,true
25000,five AND NOT family,NOT,0.2782,0.2475,0.3089,7.1044,7.0609,7.1479,25.5370,4404,4404,true
25000,five AND NOT former,NOT,0.2762,0.2561,0.2963,7.1086,7.0479,7.1693,25.7371,4135,4135,true
25000,five AND NOT further,NOT,0.2712,0.2360,0.3064,6.8186,6.7536,6.8836,25.1423,4023,4023,true
25000,five AND NOT held,NOT,0.2704,0.2312,0.3096,6.9474,6.8701,7.0247,25.6930,4017,4017,true
25000,five AND NOT important,NOT,0.2972,0.2696,0.3248,6.9684,6.9068,7.0300,23.4468,4436,4436,true
25000,five AND NOT included,NOT,0.2826,0.2710,0.2942,6.9510,6.8882,7.0138,24.5966,3790,3790,true
25000,five AND NOT just,NOT,0.2990,0.2676,0.3304,6.5816,6.4983,6.6649,22.0120,4240,4240,true
25000,five AND NOT less,NOT,0.3276,0.2973,0.3579,6.8976,6.8693,6.9259,21.0549,4337,4337,true
25000,five AND NOT making,NOT,0.2878,0.2568,0.3188,6.5766,6.4916,6.6616,22.8513,4153,4153,true
25000,five AND NOT named,NOT,0.3058,0.2819,0.3297,6.9368,6.8866,6.9870,22.6841,4103,4103,true
25000,five AND NOT near,NOT,0.2908,0.2462,0.3354,6.8288,6.7853,6.8723,23.4828,4342,4342,true
25000,five AND NOT north,NOT,0.3114,0.2841,0.3387,7.9906,7.9374,8.0438,25.6602,3982,3982,true
25000,five AND NOT original,NOT,0.2796,0.2564,0.3028,6.8752,6.8126,6.9378,24.5894,4454,4454,true
25000,five AND NOT point,NOT,0.2992,0.2854,0.3130,7.0890,7.0270,7.1510,23.6932,4326,4326,true
25000,five AND NOT power,NOT,0.3024,0.2913,0.3135,7.5938,7.5307,7.6569,25.1118,4390,4390,true
25000,five AND NOT present,NOT,0.2776,0.2612,0.2940,6.6330,6.5980,6.6680,23.8941,4334,4334,true
25000,five AND NOT public,NOT,0.2940,0.2761,0.3119,7.5062,7.4235,7.5889,25.5313,3961,3961,true
25000,five AND NOT published,NOT,0.2888,0.2454,0.3322,7.1094,7.0128,7.2060,24.6170,4609,4609,true
25000,five AND NOT rather,NOT,0.2738,0.2531,0.2945,6.5400,6.5037,6.5763,23.8860,4685,4685,true
25000,five AND NOT related,NOT,0.2854,0.2722,0.2986,6.4596,6.4005,6.5187,22.6335,4965,4965,true
25000,five AND NOT result,NOT,0.3040,0.2805,0.3275,6.8038,6.7146,6.8930,22.3809,4258,4258,true
25000,five AND NOT series,NOT,0.3056,0.2795,0.3317,7.7946,7.7416,7.8476,25.5059,4207,4207,true
25000,five AND NOT short,NOT,0.3028,0.2732,0.3324,6.6152,6.5656,6.6648,21.8468,4636,4636,true
25000,five AND NOT single,NOT,0.2886,0.2587,0.3185,7.0158,6.9158,7.1158,24.3098,4424,4424,true
25000,five AND NOT sometimes,NOT,0.2840,0.2602,0.3078,6.6016,6.5259,6.6773,23.2451,5034,5034,true
25000,five AND NOT south,NOT,0.2964,0.2727,0.3201,8.2354,8.1561,8.3147,27.7848,4107,4107,true
25000,five AND NOT style,NOT,0.2684,0.2414,0.2954,9.5592,9.4881,9.6303,35.6155,4404,4404,true
25000,five AND NOT third,NOT,0.2886,0.2688,0.3084,7.3730,6.7078,8.0382,25.5475,3861,3861,true
25000,five AND NOT thus,NOT,0.2874,0.2768,0.2980,6.7582,6.6079,6.9085,23.5150,4827,4827,true
25000,five AND NOT title,NOT,0.2722,0.2495,0.2949,7.0912,6.9824,7.2000,26.0514,4299,4299,true
25000,rights AND NOT copyright,NOT,0.1254,0.1190,0.1318,3.2530,3.1570,3.3490,25.9410,4589,4589,true
25000,science AND NOT computer,NOT,0.1524,0.1359,0.1689,10.0578,5.8484,14.2672,65.9961,3817,3817,true
25000,women AND NOT men,NOT,0.2758,0.2574,0.2942,11.6038,7.3999,15.8077,42.0732,1839,1839,true
25000,five OR area,OR,1.8750,1.7243,2.0257,9.2166,9.0546,9.3786,4.9155,12761,12761,true
25000,five OR back,OR,1.6732,1.6525,1.6939,8.5956,8.3501,8.8411,5.1372,13000,13000,true
25000,five OR book,OR,1.7020,1.6293,1.7747,8.7706,8.6385,8.9027,5.1531,12800,12800,true
25000,five OR caption,OR,1.4866,1.4541,1.5191,6.9236,6.8333,7.0139,4.6573,12977,12977,true
25000,five OR central,OR,1.6760,1.6559,1.6961,8.5198,8.4604,8.5792,5.0834,12637,12637,true
25000,five OR city,OR,2.0558,2.0279,2.0837,11.6760,10.8273,12.5247,5.6795,13729,13729,true
25000,five OR country,OR,1.7440,1.7246,1.7634,9.1924,9.1230,9.2618,5.2709,12647,12647,true
25000,five OR created,OR,1.6058,1.5604,1.6512,8.0368,7.9469,8.1267,5.0049,12652,12652,true
25000,five OR death,OR,1.8256,1.7325,1.9187,9.1274,9.0825,9.1723,4.9997,13266,13266,true
25000,five OR described,OR,1.5830,1.5320,1.6340,7.9776,7.9378,8.0174,5.0395,12812,12812,true
25000,five OR developed,OR,1.6548,1.5951,1.7145,8.2888,8.1761,8.4015,5.0089,13017,13017,true
25000,five OR development,OR,1.6280,1.5993,1.6567,8.4248,8.3574,8.4922,5.1749,12775,12775,true
25000,five OR down,OR,1.5912,1.5560,1.6264,8.3776,7.9059,8.8493,5.2650,12564,12564,true
25000,five OR either,OR,1.5980,1.5592,1.6368,7.9732,7.8832,8.0632,4.9895,13078,13078,true
25000,five OR established,OR,1.7616,1.7200,1.8032,9.0374,8.9512,9.1236,5.1302,12712,12712,true
25000,five OR family,OR,1.7078,1.6635,1.7521,8.6862,8.6282,8.7442,5.0862,12716,12716,true
25000,five OR former,OR,1.7076,1.6497,1.7655,8.6878,8.6179,8.7577,5.0877,12633,12633,true
25000,five OR further,OR,1.6704,1.6333,1.7075,8.3694,8.2568,8.4820,5.0104,12921,12921,true
25000,five OR held,OR,1.6940,1.6340,1.7540,8.5606,8.3818,8.7394,5.0535,12272,12272,true
25000,five OR important,OR,1.8088,1.6374,1.9802,9.2848,8.6460,9.9236,5.1331,13199,13199,true
25000,five OR included,OR,1.9932,1.9422,2.0442,8.9888,8.8913,9.0863,4.5097,12526,12526,true
25000,five OR just,OR,2.0074,1.8369,2.1779,14.7692,6.7847,22.7537,7.3574,12458,12458,true
25000,five OR less,OR,5.4856,4.8065,6.1647,12.8688,3.1478,22.5898,2.3459,13575,13575,true
25000,five OR making,OR,1.7272,1.6686,1.7858,8.0958,8.0469,8.1447,4.6872,12593,12593,true
25000,five OR named,OR,1.7474,1.7005,1.7943,8.4174,8.3210,8.5138,4.8171,13073,13073,true
25000,five OR near,OR,1.6390,1.6013,1.6767,8.3248,8.2714,8.3782,5.0792,12944,12944,true
25000,five OR north,OR,1.8872,1.8297,1.9447,9.9012,9.6991,10.1033,5.2465,13093,13093,true
25000,five OR original,OR,1.6584,1.6042,1.7126,8.3790,8.2321,8.5259,5.0525,12757,12757,true
25000,five OR point,OR,1.6960,1.6547,1.7373,8.6014,8.5490,8.6538,5.0716,13050,13050,true
25000,five OR power,OR,1.7622,1.7310,1.7934,9.2966,9.1718,9.4214,5.2756,12970,12970,true
25000,five OR present,OR,1.6642,1.6234,1.7050,8.1990,7.9966,8.4014,4.9267,12706,12706,true
25000,five OR public,OR,1.8068,1.7741,1.8395,9.3372,9.2255,9.4489,5.1678,12717,12717,true
25000,five OR published,OR,1.7554,1.7282,1.7826,8.7556,8.6425,8.8687,4.9878,12809,12809,true
25000,five OR rather,OR,1.6562,1.6190,1.6934,8.1866,8.0880,8.2852,4.9430,12868,12868,true
25000,five OR related,OR,1.6188,1.5578,1.6798,7.9700,7.9055,8.0345,4.9234,12902,12902,true
25000,five OR result,OR,1.6910,1.6479,1.7341,8.3454,8.2612,8.4296,4.9352,12996,12996,true
25000,five OR series,OR,1.7942,1.7730,1.8154,9.3738,9.2971,9.4505,5.2245,13014,13014,true
25000,five OR short,OR,1.5666,1.5196,1.6136,7.9584,7.9054,8.0114,5.0800,12553,12553,true
25000,five OR single,OR,1.6404,1.6064,1.6744,9.2600,7.6529,10.8671,5.6450,13168,13168,true
25000,five OR sometimes,OR,1.6578,1.5731,1.7425,8.1628,8.0208,8.3048,4.9239,13175,13175,true
25000,five OR south,OR,1.9194,1.7878,2.0510,10.1544,10.0720,10.2368,5.2904,13080,13080,true
25000,five OR style,OR,2.1720,2.0814,2.2626,11.8702,11.8047,11.9357,5.4651,12476,12476,true
25000,five OR third,OR,1.7132,1.6533,1.7731,8.5458,8.4022,8.6894,4.9882,12549,12549,true
25000,five OR thus,OR,1.6148,1.5154,1.7142,8.1836,8.0202,8.3470,5.0679,13238,13238,true
25000,five OR title,OR,5.2288,5.0315,5.4261,17.6482,13.6678,21.6286,3.3752,12484,12484,true
25000,rights OR equality,OR,0.6374,0.5318,0.7430,4.1374,3.8682,4.4066,6.4911,5259,5259,true
25000,scientist OR scientists,OR,0.3614,0.3468,0.3760,2.7850,2.6800,2.8900,7.7061,3569,3569,true
25000,suffrage OR vote,OR,0.2482,0.2355,0.2609,2.4366,2.3936,2.4796,9.8171,2308,2308,true
25000,women OR female,OR,0.9614,0.9426,0.9802,5.4578,5.3598,5.5558,5.6769,6690,6690,true
25000,women OR feminism,OR,0.4872,0.4720,0.5024,3.9648,3.8290,4.1006,8.1379,5228,5228,true
25000,"""17th century""",PHRASE,0.7066,0.5881,0.8251,8.9174,8.6455,9.1893,12.6202,2009,2009,true
25000,"""18th century""",PHRASE,0.7734,0.7497,0.7971,9.0290,8.9693,9.0887,11.6744,2475,2475,true
25000,"""19th century""",PHRASE,1.1874,1.1607,1.2141,10.1042,10.0185,10.1899,8.5095,4821,4821,true
25000,"""20th century""",PHRASE,1.2586,1.2454,1.2718,10.5828,10.3441,10.8215,8.4084,5900,5900,true
25000,"""21st century""",PHRASE,0.6048,0.5728,0.6368,8.5410,8.4905,8.5915,14.1220,2316,2316,true
25000,"""ada lovelace""",PHRASE,0.0130,0.0060,0.0200,1.2612,1.2122,1.3102,97.0154,31,31,true
25000,"""align center""",PHRASE,3.2758,3.2248,3.3268,13.0584,13.0097,13.1071,3.9863,2928,2928,true
25000,"""birth date""",PHRASE,0.5692,0.5433,0.5951,6.6076,6.5729,6.6423,11.6086,3437,3437,true
25000,"""birth name""",PHRASE,0.4776,0.4576,0.4976,8.3932,8.3504,8.4360,17.5737,2010,2010,true
25000,"""birth place""",PHRASE,0.6252,0.6087,0.6417,7.0694,7.0353,7.1035,11.3074,3330,3330,true
25000,"""births category""",PHRASE,0.7946,0.7599,0.8293,10.9400,10.8610,11.0190,13.7679,3581,3581,true
25000,"""category people""",PHRASE,1.8496,1.8304,1.8688,16.9550,16.8731,17.0369,9.1668,2586,2586,true
25000,"""class wikitable""",PHRASE,0.8082,0.7731,0.8433,7.4824,7.4290,7.5358,9.2581,5796,5796,true
25000,"""date birth""",PHRASE,0.5232,0.5003,0.5461,6.6134,6.4830,6.7438,12.6403,2639,2639,true
25000,"""date death""",PHRASE,0.6624,0.5945,0.7303,8.4856,8.4495,8.5217,12.8104,2370,2371,false
25000,"""death date""",PHRASE,0.7490,0.6617,0.8363,8.6510,8.4451,8.8569,11.5501,2976,2976,true
25000,"""death place""",PHRASE,0.8150,0.7114,0.9186,9.0480,9.0002,9.0958,11.1018,2890,2890,true
25000,"""deaths category""",PHRASE,0.8028,0.7630,0.8426,11.4052,11.3415,11.4689,14.2068,3017,3017,true
25000,"""each other""",PHRASE,1.4720,1.4502,1.4938,17.0604,16.9668,17.1540,11.5899,3809,3809,true
25000,"""even though""",PHRASE,0.6434,0.6248,0.6620,8.0240,7.9038,8.1442,12.4712,2274,2274,true
25000,"""female scientists""",PHRASE,0.0872,0.0773,0.0971,3.0332,2.9808,3.0856,34.7844,3,3,true
25000,"""feminist movement""",PHRASE,0.0810,0.0675,0.0945,3.3052,3.2213,3.3891,40.8049,55,55,true
25000,"""first time""",PHRASE,2.3814,2.3603,2.4025,22.6508,22.4934,22.8082,9.5115,3615,3615,true
25000,"""many other""",PHRASE,1.6966,1.6580,1.7352,19.8622,19.8276,19.8968,11.7071,2466,2466,true
25000,"""marie curie""",PHRASE,0.0232,0.0177,0.0287,1.6848,1.5978,1.7718,72.6207,56,56,true
25000,"""most common""",PHRASE,1.0232,0.9953,1.0511,13.6370,13.5185,13.7555,13.3278,2285,2285,true
25000,"""most important""",PHRASE,0.9866,0.9632,1.0100,12.9260,12.8496,13.0024,13.1016,2827,2841,false
25000,"""nbsp million""",PHRASE,0.9548,0.9185,0.9911,11.0042,10.8013,11.2071,11.5251,2061,2061,true
25000,"""north america""",PHRASE,0.6988,0.6733,0.7243,7.7602,7.6794,7.8410,11.1050,2521,2530,false
25000,"""other hand""",PHRASE,0.7058,0.6839,0.7277,25.3804,23.7804,26.9804,35.9598,2037,2037,true
25000,"""prime minister""",PHRASE,1.0588,0.9630,1.1546,6.0876,5.8677,6.3075,5.7495,2562,2562,true
25000,"""right thumb""",PHRASE,1.5478,1.4991,1.5965,19.2024,19.0864,19.3184,12.4063,2237,2237,true
25000,"""same time""",PHRASE,1.2432,1.2177,1.2687,14.7282,14.6595,14.7969,11.8470,3267,3267,true
25000,"""same year""",PHRASE,0.9130,0.8958,0.9302,12.6058,12.5374,12.6742,13.8070,2444,2444,true
25000,"""style text""",PHRASE,3.5070,3.4527,3.5613,13.9866,13.8379,14.1353,3.9882,2538,2547,false
25000,"""text align""",PHRASE,3.9264,3.8798,3.9730,13.5742,13.5270,13.6214,3.4572,2910,2910,true
25000,"""thumb left""",PHRASE,1.9898,1.9672,2.0124,18.2234,18.1029,18.3439,9.1584,4786,4786,true
25000,"""thumb right""",PHRASE,2.5820,2.5567,2.6073,20.5042,20.2248,20.7836,7.9412,6960,6960,true
25000,"""thumb upright""",PHRASE,1.7638,1.6753,1.8523,15.5514,15.3583,15.7445,8.8170,6234,6234,true
25000,"""took place""",PHRASE,0.7764,0.7446,0.8082,8.4168,8.3608,8.4728,10.8408,2729,2729,true
25000,"""united kingdom""",PHRASE,1.3600,1.3078,1.4122,11.8262,11.7193,11.9331,8.6957,4439,4439,true
25000,"""united nations""",PHRASE,0.9396,0.9133,0.9659,10.2476,10.1398,10.3554,10.9063,2075,2075,true
25000,"""united states""",PHRASE,2.8208,2.6124,3.0292,17.1682,16.9483,17.3881,6.0863,9889,9889,true
25000,"""university press""",PHRASE,0.8092,0.7926,0.8258,8.5878,8.4572,8.7184,10.6127,2856,2856,true
25000,"""voting rights""",PHRASE,0.1168,0.1010,0.1326,3.4798,3.3637,3.5959,29.7928,192,192,true
25000,"""well known""",PHRASE,1.1388,1.0110,1.2666,14.4612,13.6477,15.2747,12.6986,2635,2635,true
25000,"""wikitable sortable""",PHRASE,0.2886,0.2832,0.2940,4.0314,3.9547,4.1081,13.9688,2040,2040,true
25000,"""women rights""",PHRASE,0.1876,0.1743,0.2009,5.2836,5.2582,5.3090,28.1642,2,2,true
25000,"""years later""",PHRASE,1.2324,1.1904,1.2744,14.2154,14.1594,14.2714,11.5347,2826,2826,true
25000,"""york city""",PHRASE,0.9446,0.9272,0.9620,10.4004,10.2875,10.5133,11.0104,2434,2465,false
25000,back,TERM,0.0004,-0.0007,0.0015,3.9180,3.8740,3.9620,9795.0000,9149,9149,true
25000,book,TERM,0.0006,-0.0011,0.0023,4.1828,4.1284,4.2372,6971.3333,8038,8038,true
25000,caption,TERM,0.0006,-0.0011,0.0023,2.6106,2.5830,2.6382,4351.0000,8588,8588,true
25000,city,TERM,0.0004,-0.0007,0.0015,6.3766,6.2899,6.4633,15941.5000,9990,9990,true
25000,country,TERM,0.0004,-0.0007,0.0015,4.5990,4.5290,4.6690,11497.5000,8494,8494,true
25000,death,TERM,0.0006,-0.0011,0.0023,4.5950,4.4900,4.7000,7658.3333,9112,9112,true
25000,described,TERM,0.0006,-0.0011,0.0023,3.5170,3.4896,3.5444,5861.6667,8180,8180,true
25000,developed,TERM,0.0006,-0.0011,0.0023,3.7646,3.6878,3.8414,6274.3333,8514,8514,true
25000,development,TERM,0.0004,-0.0007,0.0015,3.9464,3.9000,3.9928,9866.0000,8142,8142,true
25000,down,TERM,0.0006,-0.0011,0.0023,3.5980,3.5145,3.6815,5996.6667,8400,8400,true
25000,education,TERM,0.0004,-0.0007,0.0015,2.8088,2.7907,2.8269,7022.0000,4905,4905,true
25000,either,TERM,0.0006,-0.0011,0.0023,3.4228,3.3837,3.4619,5704.6667,8374,8374,true
25000,equality,TERM,0.0004,-0.0007,0.0015,1.3830,1.3109,1.4551,3457.5000,956,956,true
25000,established,TERM,0.0006,-0.0005,0.0017,4.1950,4.1479,4.2421,6991.6667,8687,8687,true
25000,family,TERM,0.0006,-0.0011,0.0023,3.9788,3.9261,4.0315,6631.3333,8312,8312,true
25000,feminism,TERM,0.0004,-0.0007,0.0015,1.1912,1.1392,1.2432,2978.0000,224,224,true
25000,feminist,TERM,0.0002,-0.0004,0.0008,1.3200,1.2517,1.3883,6600.0000,625,625,true
25000,five,TERM,0.0004,-0.0007,0.0015,3.9682,3.9054,4.0310,9920.5000,9025,9025,true
25000,former,TERM,0.0002,-0.0004,0.0008,3.9094,3.8789,3.9399,19547.0000,8498,8498,true
25000,further,TERM,0.0004,-0.0007,0.0015,3.9576,3.2804,4.6348,9894.0000,8898,8898,true
25000,important,TERM,0.0006,-0.0005,0.0017,7.2798,3.8187,10.7409,12133.0000,8763,8763,true
25000,included,TERM,0.0020,-0.0029,0.0069,10.2898,10.1242,10.4554,5144.9000,8736,8736,true
25000,just,TERM,0.0008,-0.0014,0.0030,4.3128,2.6898,5.9358,5391.0000,8218,8218,true
25000,less,TERM,0.0006,-0.0011,0.0023,3.8526,3.8277,3.8775,6421.0000,9238,9238,true
25000,making,TERM,0.0006,-0.0011,0.0023,3.5218,3.4657,3.5779,5869.6667,8440,8440,true
25000,named,TERM,0.0006,-0.0011,0.0023,3.8242,3.7527,3.8957,6373.6667,8970,8970,true
25000,north,TERM,0.0006,-0.0011,0.0023,5.0092,4.9611,5.0573,8348.6667,9111,9111,true
25000,original,TERM,0.0008,-0.0014,0.0030,3.7574,3.6722,3.8426,4696.7500,8303,8303,true
25000,point,TERM,0.0008,-0.0014,0.0030,3.9660,3.8923,4.0397,4957.5000,8724,8724,true
25000,power,TERM,0.0006,-0.0011,0.0023,4.5480,4.4774,4.6186,7580.0000,8580,8580,true
25000,present,TERM,0.0008,-0.0014,0.0030,3.5476,3.4688,3.6264,4434.5000,8372,8372,true
25000,public,TERM,0.0006,-0.0011,0.0023,4.4554,4.3638,4.5470,7425.6667,8756,8756,true
25000,published,TERM,0.0006,-0.0011,0.0023,3.9580,3.8794,4.0366,6596.6667,8200,8200,true
25000,rather,TERM,0.0006,-0.0011,0.0023,3.4600,3.3802,3.5398,5766.6667,8183,8183,true
25000,related,TERM,0.0006,-0.0011,0.0023,3.3366,3.2126,3.4606,5561.0000,7937,7937,true
25000,result,TERM,0.0008,-0.0014,0.0030,3.6386,3.5637,3.7135,4548.2500,8738,8738,true
25000,rights,TERM,0.0006,-0.0011,0.0023,2.9452,2.9167,2.9737,4908.6667,4863,4863,true
25000,scientist,TERM,0.0006,-0.0011,0.0023,1.6826,1.5961,1.7691,2804.3333,2099,2099,true
25000,scientists,TERM,0.0004,-0.0007,0.0015,1.7744,1.6872,1.8616,4436.0000,2203,2203,true
25000,series,TERM,0.0004,-0.0007,0.0015,4.6304,4.6084,4.6524,11576.0000,8807,8807,true
25000,short,TERM,0.0006,-0.0011,0.0023,3.4978,3.4314,3.5642,5829.6667,7917,7917,true
25000,single,TERM,0.0006,-0.0011,0.0023,3.8534,3.7657,3.9411,6422.3333,8744,8744,true
25000,sometimes,TERM,0.0006,-0.0011,0.0023,3.4356,3.3991,3.4721,5726.0000,8141,8141,true
25000,south,TERM,0.0006,-0.0011,0.0023,5.1536,5.1114,5.1958,8589.3333,8973,8973,true
25000,style,TERM,0.0004,-0.0007,0.0015,6.4566,6.4115,6.5017,16141.5000,8072,8072,true
25000,suffrage,TERM,0.0006,-0.0011,0.0023,1.2630,1.2346,1.2914,2105.0000,469,469,true
25000,third,TERM,0.0004,-0.0007,0.0015,3.8018,3.7231,3.8805,9504.5000,8688,8688,true
25000,thus,TERM,0.0004,-0.0007,0.0015,3.6060,3.5496,3.6624,9015.0000,8411,8411,true
25000,vote,TERM,0.0004,-0.0007,0.0015,1.9520,1.8880,2.0160,4880.0000,2148,2148,true
25000,women,TERM,0.0004,-0.0007,0.0015,3.2806,3.1788,3.3824,8201.5000,5202,5202,true
25000,area,TFIDF_TOPK,0.0004,-0.0007,0.0015,4.4450,4.3950,4.4950,11112.5000,8109,8109,true
25000,back,TFIDF_TOPK,0.0004,-0.0007,0.0015,3.9432,3.8322,4.0542,9858.0000,9149,9149,true
25000,book,TFIDF_TOPK,0.0004,-0.0007,0.0015,4.2032,4.1219,4.2845,10508.0000,8038,8038,true
25000,caption,TFIDF_TOPK,0.0006,-0.0011,0.0023,2.6114,2.5227,2.7001,4352.3333,8588,8588,true
25000,central,TFIDF_TOPK,0.0006,-0.0005,0.0017,3.9946,3.8889,4.1003,6657.6667,8124,8124,true
25000,city,TFIDF_TOPK,0.0006,-0.0011,0.0023,6.4584,6.3214,6.5954,10764.0000,9990,9990,true
25000,country,TFIDF_TOPK,0.0006,-0.0011,0.0023,4.5850,4.4915,4.6785,7641.6667,8494,8494,true
25000,created,TFIDF_TOPK,0.0004,-0.0007,0.0015,3.5382,3.4733,3.6031,8845.5000,8262,8262,true
25000,death,TFIDF_TOPK,0.0004,-0.0007,0.0015,4.5554,4.5150,4.5958,11388.5000,9112,9112,true
25000,described,TFIDF_TOPK,0.0006,-0.0011,0.0023,3.5340,3.4912,3.5768,5890.0000,8180,8180,true
25000,developed,TFIDF_TOPK,0.0006,-0.0011,0.0023,3.8254,3.7437,3.9071,6375.6667,8514,8514,true
25000,development,TFIDF_TOPK,0.0006,-0.0011,0.0023,3.9816,3.9112,4.0520,6636.0000,8142,8142,true
25000,does,TFIDF_TOPK,0.0004,-0.0007,0.0015,3.4780,3.4012,3.5548,8695.0000,7893,7893,true
25000,down,TFIDF_TOPK,0.0006,-0.0011,0.0023,3.7008,3.5876,3.8140,6168.0000,8400,8400,true
25000,either,TFIDF_TOPK,0.0004,-0.0007,0.0015,3.4462,3.3584,3.5340,8615.5000,8374,8374,true
25000,established,TFIDF_TOPK,0.0006,-0.0011,0.0023,4.2518,4.1557,4.3479,7086.3333,8687,8687,true
25000,family,TFIDF_TOPK,0.0006,-0.0011,0.0023,4.0608,4.0040,4.1176,6768.0000,8312,8312,true
25000,feminism AND women,TFIDF_TOPK,0.0954,0.0868,0.1040,3.4692,3.4182,3.5202,36.3648,198,198,true
25000,five,TFIDF_TOPK,0.0006,-0.0011,0.0023,3.9850,3.9407,4.0293,6641.6667,9025,9025,true
25000,former,TFIDF_TOPK,0.0004,-0.0007,0.0015,3.9556,3.9390,3.9722,9889.0000,8498,8498,true
25000,further,TFIDF_TOPK,0.0004,-0.0007,0.0015,3.7018,3.6547,3.7489,9254.5000,8898,8898,true
25000,held,TFIDF_TOPK,0.0004,-0.0007,0.0015,3.8802,3.8341,3.9263,9700.5000,8255,8255,true
25000,important,TFIDF_TOPK,0.0004,-0.0007,0.0015,3.8042,3.7786,3.8298,9510.5000,8763,8763,true
25000,included,TFIDF_TOPK,0.0014,-0.0025,0.0053,3.8308,3.8091,3.8525,2736.2857,8736,8736,true
25000,just,TFIDF_TOPK,0.0004,-0.0007,0.0015,3.4054,3.3406,3.4702,8513.5000,8218,8218,true
25000,less,TFIDF_TOPK,0.0010,-0.0018,0.0038,3.7844,3.6671,3.9017,3784.4000,9238,9238,true
25000,making,TFIDF_TOPK,0.0004,-0.0007,0.0015,3.4868,3.4402,3.5334,8717.0000,8440,8440,true
25000,named,TFIDF_TOPK,0.0004,-0.0007,0.0015,3.7724,3.7273,3.8175,9431.0000,8970,8970,true
25000,near,TFIDF_TOPK,0.0006,-0.0005,0.0017,3.7394,3.6847,3.7941,6232.3333,8602,8602,true
25000,north,TFIDF_TOPK,0.0004,-0.0007,0.0015,4.9090,4.8123,5.0057,12272.5000,9111,9111,true
25000,original,TFIDF_TOPK,0.0004,-0.0007,0.0015,3.7582,3.6714,3.8450,9395.5000,8303,8303,true
25000,point,TFIDF_TOPK,0.0004,-0.0007,0.0015,3.9812,3.8943,4.0681,9953.0000,8724,8724,true
25000,power,TFIDF_TOPK,0.0004,-0.0007,0.0015,4.4802,4.3759,4.5845,11200.5000,8580,8580,true
25000,present,TFIDF_TOPK,0.0008,-0.0008,0.0024,3.5388,3.5120,3.5656,4423.5000,8372,8372,true
25000,public,TFIDF_TOPK,0.0004,-0.0007,0.0015,4.4086,4.3294,4.4878,11021.5000,8756,8756,true
25000,published,TFIDF_TOPK,0.0006,-0.0011,0.0023,3.9808,3.9125,4.0491,6634.6667,8200,8200,true
25000,rather,TFIDF_TOPK,0.0004,-0.0007,0.0015,3.4770,3.4334,3.5206,8692.5000,8183,8183,true
25000,related,TFIDF_TOPK,0.0004,-0.0007,0.0015,3.2714,3.2173,3.3255,8178.5000,7937,7937,true
25000,result,TFIDF_TOPK,0.0006,-0.0011,0.0023,3.6280,3.5628,3.6932,6046.6667,8738,8738,true
25000,series,TFIDF_TOPK,0.0006,-0.0011,0.0023,4.6652,4.6012,4.7292,7775.3333,8807,8807,true
25000,short,TFIDF_TOPK,0.0004,-0.0007,0.0015,3.5192,3.4226,3.6158,8798.0000,7917,7917,true
25000,single,TFIDF_TOPK,0.0004,-0.0007,0.0015,3.9254,3.8591,3.9917,9813.5000,8744,8744,true
25000,sometimes,TFIDF_TOPK,0.0006,-0.0011,0.0023,3.4842,3.4257,3.5427,5807.0000,8141,8141,true
25000,south,TFIDF_TOPK,0.0004,-0.0007,0.0015,5.1478,5.0519,5.2437,12869.5000,8973,8973,true
25000,style,TFIDF_TOPK,0.0006,-0.0011,0.0023,6.5212,6.4582,6.5842,10868.6667,8072,8072,true
25000,third,TFIDF_TOPK,0.0006,-0.0011,0.0023,3.8248,3.7743,3.8753,6374.6667,8688,8688,true
25000,thus,TFIDF_TOPK,0.0006,-0.0011,0.0023,3.6964,3.5610,3.8318,6160.6667,8411,8411,true
25000,title,TFIDF_TOPK,0.0004,-0.0007,0.0015,4.1748,3.7840,4.5656,10437.0000,8185,8185,true
25000,women AND rights,TFIDF_TOPK,0.4912,0.4676,0.5148,5.6540,5.6111,5.6969,11.5106,2246,2246,true
25000,women AND science,TFIDF_TOPK,0.3744,0.3577,0.3911,5.7994,5.7332,5.8656,15.4899,1704,1704,true
